guID,Date,Start Time,End Time,Event Name,Location,Category,Host,Event Description
1,7/20/2023,5:00 PM,8:00 PM,Tekko Karaoke,Panel 2,Karaoke,Tekko Staff,Sing for your life! 
2,7/20/2023,4:30 PM,5:00 PM,Tekko Karaoke Signups (4:30PM),Panel 2,Karaoke,Tekko Staff,Sign up! Sign up to sing!
4,7/20/2023,4:00 PM,9:00 PM,Fashion Show Fittings,Dressing Room,Fashion,Tekko Staff,
5,7/20/2023,4:00 PM,9:00 PM,Fashion Show Rehearsal (Off-Stage),Hall E,Fashion,Tekko Staff,
6,7/20/2023,6:00 PM,8:00 PM,Chibi Tekko Open House (All ages),Chibi,Panel,Tekko Staff,All ages welcome to stop by and see what Chibi Tekko is all about! 
7,7/20/2023,3:00 PM,7:00 PM,Model Kit Room Open,Model Competition,N/A,Tekko Staff,Scale model room is open for people to come in to view kits on display and to build kits of their own.
8,7/20/2023,5:30 PM,6:30 PM,Hero or Villian: Let the Con Decide!,Panel 4,Panel,Sassy Curry,"Hero or Villain, that is the question.  This panel will explore the physical and behavioral features of anime characters from across the spectrum, and it is up to you to determine who is a “good guy”, an “bad guy”, or even something else entirely. "
9,7/20/2023,7:00 PM,8:00 PM,Magick with the Owl Lady,Panel 4,Panel,Enrana of Asgard ,
10,7/20/2023,6:00 PM,7:00 PM,Bungou Stray Sleepover w/ Bee!,Panel 7 (18+),Panel,Bee (@law_of_cosplay),"This will be a standard cosplay sleepover panel featuring characters from Bungou Stray Dogs. We will run through several standard sleepover games such as truth or dare, and let the audience participate in the games. "
11,7/20/2023,4:30 PM,5:30 PM,Panelist Meet & Greet,Meet Ups,Panel,Tekko Staff,Are you a panelist? Come to our not so secret meet and greet where we *gasp* meet and greet each other.
12,7/20/2023,6:00 PM,7:00 PM,Cons Against Humanity 18+,Meet Ups,Panel,Unlockable Content,Cards against Humanity with a con themed twist. 
13,7/20/2023,7:30 PM,8:30 PM,Tekko Ribbon Game,Meet Ups,Panel,Tekko Staff,
14,7/20/2023,4:30 PM,6:00 PM,Open Stage,Stage Uzume,Dance/Music,Tekko Staff,"Do you want to show off any dancing, music, or whatever you like performing for passersby? Come stop by Stage Uzume and hop on up!  Anyone is welcome!

(You are responsible for bringing your own equipment.)"
15,7/20/2023,6:00 PM,7:30 PM,Random Dance Play,Stage Uzume,Dance/Music,Tekko Staff,"Come and dance your heart away at our first Random Dance Play of the weekend! The theme for this RDP is old gen kpop! 1st through 3rd generation kpop will be the focus, so definitely stop by and have some fun dancing with other dancers and kpop fans alike!"
16,7/20/2023,7:30 PM,9:00 PM,VGM Chill Hours,Stage Uzume,Dance/Music,Tekko Staff,It's been a long day at Tekko... take some time to relax at Stage Uzume! We'll be playing video game music to help everyone relax and wind down from their first day at the con.
17,7/20/2023,7:30 PM,8:30 PM,It Came from the Con (18+),Panel 7 (18+),Panel,Aaron Fristik ,Cons are great…but we all have that one story…A CONVENTION HORROR STORY!
18,7/20/2023,7:00 PM,8:30 PM,Anime Con Quiplash,Gameshows! (Panel 3),Gameshow/Game,Dueling Pisces,Who has the last lash in this hilarious custom Quiplash pack?! Do you? Come join us for some good laughs and prizes as we make fun of ourselves and the wacky world of anime and conventions!
19,7/20/2023,4:00 PM,6:00 PM,Humans vs Monsters Diplomacy ,LARP 1,LARP,Tekko Staff,"The monsters in the forest are tired of the humans hunting them, killing them, and stealing their treasure. They have sued for peace. This is a hilarious game of diplomacy and negotiations for up to six players. "
20,7/20/2023,4:30 PM,6:00 PM,The Regency Committee on Decorum and Punchbowl Poop Prevention ,LARP 2,LARP,Tekko Staff,"Members of a self-selected social Committee in Regency England must meet to resolve the problems plaguing their party set — including the shocking public impropriety they cannot bring themselves to speak of. A conversational committee game for 4-6 players, with an absurd edge, a ridiculous central problem, and a real attempt to lightly model how social groups avoid difficult topics, especially if they concern privileged classes or embarrassing issues."
21,7/20/2023,6:00 PM,8:00 PM,Tales of the Fisherman’s Wife,LARP 1,LARP,Tekko Staff,"During the Edo period in Japan (1600-1868), kaidan stories arose from a popular parlor game called Hyakumonogatari Kaidankai, or “A Gathering of One Hundred Weird Tales.” Played in the summertime, when the sky stays lit well into the night and the air is stiflingly humid, Hyakumonogatari Kaidankai is a simple storytelling parlor game with an evocation ritual reminiscent of “Bloody Mary.” The host lights a hundred candles, and players take turns telling strange and grotesque stories, folktales, and ghost stories.

Players will play a character from a small fishing village participating in this tradition. They are given a traditional folktale to read and tell the others.At the end of each story, the teller of the tale extinguishes a candle. The room darkens at the conclusion of each story, the fading light calls upon the spirits and creatures of the stories. When the final candle goes out, something monstrous may fill the darkness."
22,7/20/2023,6:00 PM,8:00 PM,The Road Not Taken ,LARP 2,LARP,Tekko Staff,"You are presented with a dilemma and all you can hear are the voices in your head. When you are lost in the yellow woods of your life, which road will you travel? 

In The Road Not Taken, players take turns facing a difficult decision with the rest of the players portraying the voices in their head who want to guide them in different directions. It can get a little intense.

This game deals with adult decisions and situations and is not recommended for minors."
23,7/20/2023,2:00 PM,6:00 PM,PF2 Adventure: Threshold of Knowledge,RPG 1,RPG,Tekko Staff,"In Threshold of Knowledge, players take on the role of one of five students from the prestigious Magaambya, the oldest school of magic in the Inner Sea region."
24,7/20/2023,6:00 PM,7:00 PM,Lip Sync for your Extra Life! Charity Drag Show Preview,Panel 1,Main Event,Lip Sync for Your Extra Life! Charity Drag Show,
25,7/20/2023,5:00 PM,6:00 PM,Kawaii Apocolypse Feature Film: Godizilla: All Monsters Attack,Tekko Gakkou,N/A,Tekko Staff,"Join us Thursday for our featured film, ""All Monsters Attack"", the 10th Godzilla film from 1969. The story involves a little boy and All the monsters attacking. What could be more Kawaii Apocolypse? (Rated G 69 minutes)"
26,7/20/2023,6:00 PM,8:00 PM,Second Tekko Movie: Black Clover: Sword of the Wizard King,Tekko Gakkou,N/A,Tekko Staff,"Join us for our second feature film,  ""Black Clover: Sword of the Wizard King"".  (Rating is 14+ 113 minutes)"
27,7/21/2023,7:00 PM,8:00 PM,Kendo & Longsword Demo Remix & Q&A with Pittsburgh Sword Fighters on Hall Stage,Hall Stage,Industry Guests,Pittsburgh Swordfighters,You've seen longswords on the Tekko Hall Stage. You've seen kendo on the Tekko Hall Stage. But what are the similarities and differences between European Longsword and Japanese Kendo/Swordsmanship? Be sure to bring your burning questions for after the demo!
35,7/21/2023,9:30 AM,11:00 AM,Dance Competition - REHEARSAL,Stage Uzume,Main Event,Tekko Staff,Rehearsal for Dance Competition! Stage Uzume is closed during this time.
36,7/21/2023,10:00 PM,12:00 AM,The Kigu Karaoke Pajama Party,Panel 2,Karaoke,Tekko Staff,Come in your fav and most comforatable Kigu. Relax and sing some karaoke
37,7/21/2023,9:00 PM,11:00 PM,Formal Ball,Formal Ballroom,Main Event,Tekko Staff,
38,7/21/2023,12:00 PM,1:00 PM,"Lesson: Tango / Foxtrot*
(noon to 12:45)",Formal Ballroom,Dance/Music,Tekko Staff,
39,7/21/2023,1:00 PM,2:00 PM,"Lesson: Waltz / Rumba
(1 to 1:45)",Formal Ballroom,Dance/Music,Tekko Staff,
40,7/21/2023,2:00 PM,3:00 PM,"Lesson: Hustle / Cha Cha*
(2 to 2:45)",Formal Ballroom,Dance/Music,Tekko Staff,
41,7/21/2023,3:00 PM,4:00 PM,"Lesson: Salsa / Merengue*
(3 to 3:45)",Formal Ballroom,Dance/Music,Tekko Staff,
42,7/21/2023,5:00 PM,6:00 PM,"Lesson: Tokyo Polka & Other Line Dances*
(5 to 5:45)",Formal Ballroom,Dance/Music,Tekko Staff,
43,7/21/2023,6:00 PM,7:00 PM,"Lesson: Swing
(6 to 6:45)",Formal Ballroom,Dance/Music,Tekko Staff,
44,7/21/2023,7:00 PM,8:00 PM,"Lesson: Waltz / Tango
(7 to 7:45)",Formal Ballroom,Dance/Music,Tekko Staff,
45,7/21/2023,9:30 AM,1:30 PM,Fashion Show Dress Rehearsal,Main Stage,Fashion,Tekko Staff,
46,7/21/2023,4:00 PM,6:00 PM,Fashion Show,Main Stage,Fashion,Tekko Staff,
47,7/21/2023,10:00 AM,11:00 AM,Twenty Years of Tekko AMVs,AMV,AMV,Tekko Staff,"We cannot believe it has been twenty years of Tekko, and twenty years of AMV content to dig into and show.  From classics to contest winners, these videos were at their best at Tekko(shocon)!"
48,7/21/2023,11:00 AM,1:30 PM,Early Bird AMV Contest (until 1:30 PM),AMV,AMV,Tekko Staff,"Our annual early peek at the AMV Contest!  Come on out to view our contest before our main showing, and vote on your favorites!"
49,7/21/2023,1:30 PM,2:15 PM,AMV 101: Bluay Edition (1:30 PM to 2:30 PM),AMV,Panel,Tekko Staff,"Would you like to know how to make your own AMVs?  Where do you start, and what do you need?  Learn how to make High Definition AMVs with our simple tips and tricks from award-winning creators with well over a decade of experience!"
50,7/21/2023,2:30 PM,3:15 PM,#REF!,AMV,Tekko Theme,Tekko Staff,"This year's theme is to bring some cute and cuddly to the end of things, and here is a showcase of how those things can (somehow) blend together!"
51,7/21/2023,3:30 PM,4:00 PM,These AMVs Love to ROCK! (starts at 3:30 PM),AMV,AMV,Tekko Staff,We bring the hard rock ballads and pop rock that will get you rocking out!
52,7/21/2023,4:00 PM,5:00 PM,AMVs Just Wanna Have Fun,AMV,AMV,Tekko Staff,This block is full of fun AMVs for everyone!
53,7/21/2023,5:00 PM,5:30 PM,"Leiji Matsumoto, A Retrospective (until 5:30 PM)",AMV,AMV,Tekko Staff,"The great man and his wonderful legacy, as told by the AMV community!"
54,7/21/2023,5:30 PM,7:00 PM,All You Need To Know About Anime Rap (An Interactive WorkShop) (starts at 5:30 PM),AMV,Panel,Tekko Staff,This panel explores the intertwined history of anime and rap music through time in AMV. We will educate the audience of anime and hip hop cross overs in the genre. Then we will explore anime drip and what show has the best style. Finally we discuss tips that we use and take questions from the audience on how to write impactful music that has an anime aesthetic
56,7/21/2023,7:00 PM,8:00 PM,Synthwave Apocalypse,AMV,AMV,Tekko Staff,
56,7/21/2023,8:00 PM,9:00 PM,AMVs Can Be So Romantic,AMV,AMV,Tekko Staff,"Ah, an hour of the videos that tug at those emotional (or nostalgic) heartstrings."
57,7/21/2023,9:00 PM,10:00 PM,Coming to an AMV Theater Near You!,AMV,AMV,Tekko Staff,"A preview of all sorts of coming attractions ... well, if they starred your favorite anime characters!"
58,7/21/2023,10:00 PM,11:00 PM,Evangelion ReDeath: Redux (16+),AMV,AMV,Tekko Staff,"The remastered version of Studio Sokodei's parody hit, exploring a young man's journey to find out what it means to ""get some"", even when he has no idea what that ""something"" is."
59,7/21/2023,11:00 PM,12:00 AM,Welcome to the new REALity (18+ - LV),AMV,AMV,Tekko Staff,
60,7/21/2023,10:00 AM,10:30 AM,Kitty Cat Story Time (Ages 12 & under),Chibi,Panel,Tekko Staff, Stop by for a purrrfectly cozy kitty cat story time. Read a book or two with us and make a craft to take home. Kids age 12 and under welcome with their families.
61,7/21/2023,4:00 PM,5:00 PM,Poke-Pops (Ages 12 & under),Chibi,Panel,Brandi Cooper,I Choose You... to come pick your favorite Pokemon! In this panel all Chibi will be able to pick a Pokemon to turn into a lollipop holder (lollipop included). Kids age 12 and under welcome with their families. 
62,7/21/2023,11:00 AM,12:00 PM,Ghibli Fun (Ages 12 & under),Chibi,Panel,Tekko Staff,"Take the nearest Cat Bus or come by broomstick and head over to Chibi. Kids will have the choice between a number of Ghibli themed crafts. A totoro lacing card for tiny tots, a small fuzzy soot sprite, or bath tokens to share with friends. ""Just follow your heart and keep smiling!"" Kids age 12 and under and their families welcome."
63,7/21/2023,1:00 PM,2:00 PM,Chibi Facepainting (Ages 12 & under),Chibi,Panel,Brandi Cooper,"Stop by the Chibi room for face painting (or it can be placed on an arm). There will be a lot of popular options to choose from including Pokémon, Hello Kitty, Studio Ghibli, superheroes, and other Chibi favorites!"
64,7/21/2023,6:00 PM,8:00 PM,E-For Everyone (All ages),Chibi,Panel,Tekko Staff,"Rated E-For Everyone, stop by Chibi to see what fun assortment of crafts and activities we have for the young and young at heart! All ages welcome. "
65,7/21/2023,10:00 AM,8:00 PM,Model Kit Room Open,Model Competition,N/A,Tekko Staff,Scale model room is open for people to come in to view kits on display and to build kits of their own.
65,7/21/2023,11:00 AM,12:00 PM,JoJo’s Bizarre Adventure Photo Meet-Up,Photospot B,Photoshoot,N/A,"Hamon users, Spin users and Stand users are all welcome to this meetup! "
66,7/21/2023,12:00 PM,1:00 PM,Legend of Zelda Photo Meet-Up,Photospot D,Photoshoot,N/A,Photoshoot for any LOZ cosplayers!
67,7/21/2023,12:00 PM,12:30 PM,Hypnosis Microphone Photo Meet-Up,Photospot C,Photoshoot,N/A,"Yaa yaa yaa, minna genki?? Grab your mics and ENTER THE HEXAGON with us at the Hypnosis Microphone photoshoot! "
68,7/21/2023,12:30 PM,1:15 PM,MXTX/Danmei Photo Meet-Up,Photospot E,Photoshoot,N/A,"A gathering for danmei fans of all types regardless if you're a fan or a cosplayer, come join us and hang out with fellow danmei fans!"
69,7/21/2023,1:00 PM,1:45 PM,Sk-8 the Infinity Photo Meet-Up,Photospot C,Photoshoot,N/A,"Don't know how to skate? Neither do we, come pretend to know what your doing with us at the Sk8 meet-up! "
70,7/21/2023,1:00 PM,1:30 PM,Soul Eater Photo Meet-Up,Photospot A,Photoshoot,N/A,"Cosplayers or fans alike, come hang out to take pictures and eat some souls! "
71,7/21/2023,1:30 PM,2:30 PM,Pokemon Photo Meet-Up,Photospot E,Photoshoot,N/A,Be your very best at the Pokemon meet up!
72,7/21/2023,2:00 PM,3:00 PM,Bungou Stray Dogs Photo Meet-Up,Photospot B,Photoshoot,N/A,"Maybe the real Bungo Stray Dogs are the friends we found along the way… we welcome all fans, cosplayers, and literature enthusiasts!"
73,7/21/2023,1:00 PM,1:45 PM,One Piece Photo Meet-Up,Photospot D,Photoshoot,N/A,Come join the Strawhats and many of your other favorite pirate crews at the One Piece meet-up!
74,7/21/2023,2:00 PM,3:00 PM,Genshin Impact Photo Meet-Up,Photospot A,Photoshoot,N/A,Cosplayers and fans are all welcome at the Genshin photo meet-up! Take some pictures and meet other Travelers!
75,7/21/2023,3:00 PM,4:00 PM,My Hero Academia Photo Meet-Up,Photospot B,Photoshoot,N/A,Ready to go Plus Ultra? Join us at the My Hero photoshoot. All are welcome.
76,7/21/2023,3:00 PM,4:00 PM,Demon Slayer Photo Meet-Up,Photospot D,Photoshoot,N/A,"Demon Slayers and Demons one and all, come show off your cosplay and hang with others in the fandom!!"
77,7/21/2023,3:00 PM,3:30 PM,Minecraft YouTube Photo Meet-Up,Photospot A,Photoshoot,N/A,"From Hermits to Empires, L'Manburg to Quesadilla Island, and Lovely Worlds alike. Calling fans of mining and crafting to join together at the MCYT meet up! All servers welcome!"
78,7/21/2023,4:00 PM,4:30 PM,Black Butler Photo Meet-Up,Photospot B,Photoshoot,N/A,"Black Butler cosplayers and fans, join us for simply one hell of a meetup! "
79,7/21/2023,4:15 PM,4:45 PM,Vocaloid/CFM Photo Meet-Up,Photospot C,Photoshoot,N/A,Meetup with fans of the vocaloid media while taking or watching photos of the craft and cosplay!
80,7/21/2023,5:00 PM,5:30 PM,Gundam Photo Meet-Up,Photospot D,Photoshoot,N/A,"A cosplay meetup for fans of any series, movie, or OVA in the Mobile Suit Gundam franchise."
81,7/21/2023,5:00 PM,6:00 PM,She-Ra Photo Meet-Up,Photospot E,Photoshoot,N/A,For the honor of greyskull for cosplayers and fellow fans at the She-ra meet up! He-man fans invited too!
82,7/21/2023,5:00 PM,6:00 PM,Fate/Grand Order Photo Meet-Up,Photospot A,Photoshoot,N/A,"Come fight for the Holy Grail with your fellow Masters, and complain about ""Rate-up is a lie"" at the Fate/Grand Order meetup! All Fate series welcome."
83,7/21/2023,5:00 PM,6:00 PM,Honkai Star Rail/Honkai Impact 3rd Photo Meet-Up,Photospot B,Photoshoot,N/A,All trailblazers and captains are welcome to come show off their cosplays and meet with fellow fans of the Honkai games!
84,7/21/2023,6:00 PM,6:45 PM,Trigun Photo Meet-Up,Photospot C,Photoshoot,N/A,"All Trigun fans are welcome to come to the Trigun Photomeetup! Whether OG or Stampede fans, come snag pics of all your favorite characters and meet new friends! "
85,7/21/2023,6:00 PM,6:45 PM,Ensemble Stars!! Photo Meet-Up,Photospot B,Photoshoot,N/A,"Calling all Enstars fans! Bring your cosplays, your nuis, or just yourself! Meet up with other fans and talk about your favorite units and idols."
87,7/21/2023,6:15 PM,6:45 PM,Tokyo Ghoul Photo Meet-Up,Photospot D,Photoshoot,N/A,Meet up for cosplayers and/or fans of Tokyo Ghoul~
88,7/21/2023,6:30 PM,7:00 PM,Jujutsu Kaisen Photo Meet-Up,Photospot A,Photoshoot,N/A,All those intrested in or cosplaying from Jujutsu Kaisen meet up for some photos! 
89,7/21/2023,7:00 PM,7:45 PM,Monster High Photo Meet-Up,Photospot B,Photoshoot,N/A,Freaky just got fabulous! Be you! Be unique! Monster high is back!
90,7/21/2023,7:00 PM,7:45 PM,Hell's Paradise (Jigokuraku) Photo Meet-Up,Photospot E,Photoshoot,N/A,Criminals! Executioners! Tensen! Join us for the Hell's Paradise meet-up and photoshoot!
91,7/21/2023,8:00 PM,9:00 PM,Dating Sims Photo Meet-Up,Photospot B,Photoshoot,N/A,"Cosplayer and romance fans, open up your hearts at the Dating Sims Meet up!"
93,7/21/2023,8:00 PM,8:30 PM,Ghost (The Band) Photo Meet-Up,Photospot E,Photoshoot,N/A,Ghost B.C. / Ghost (the band) cosplay and fan meetup. 
95,7/21/2023,8:00 PM,9:00 PM,Final Fantasy Photo Meet-Up,Photospot A,Photoshoot,N/A,All Final Fantasy and games associated with Final Fantasy such as Kingdom Hearts
96,7/21/2023,7:00 PM,7:30 PM,Homestuck Photo Meet-Up,Photospot C,Photoshoot,N/A,Sleepytime Homestuck meet-up! Join us for some group pictures!
97,7/21/2023,1:30 PM,2:30 PM,Marvel vs. DC: Animated Addition,Panel 4,Panel,Sassy Curry,"In a world where media is overly saturated, how can you know where to turn? We'll show you examples of animated comic book fare that are both essential to the overall nerd experience, and those that are better left unseen. Join us as we count down the top 10 animated comic book adaptations brought to us by Marvel and DC."
98,7/21/2023,1:00 PM,2:00 PM,Longsword Demo & Q&A with Pittsburgh Sword Fighters,Hall Stage,Main Event,Pittsburgh Swordfighters,Watch in awe as some of the Pittsburgh Sword Fighter's finest members take the Hall Stage to demonstrate their skills with the longsword. Be sure to bring your burning questions for after the demo!
99,7/21/2023,2:00 PM,3:30 PM,Dance Competition,Main Stage,Main Event,Tekko Staff,"Presented by Stage Uzume, the Tekko Dance Competition is BACK for 2023! We are happy to welcome back seven acts on our stage that will be dancing their hearts out to kpop and jpop hits in order to be crowned a winner! Judges include Tommy Yoo, a local kpop DJ from the area; Lucy Chen, a local kpop and Chinese dance teacher; and Giselle Rosales, a recent graduate of FRESA at Pitt, the University of PIttsburgh's premiere kpop and jpop dance crew. Please come support the wonderful talents on stage!"
100,7/21/2023,6:30 PM,7:30 PM,VIP Rockstar Panel,Main Stage,Main Event,Various Guests,
102,7/21/2023,8:30 PM,9:30 PM,Otaku Underworld,Main Stage,Main Event,Otaku Underworld,
103,7/21/2023,9:30 PM,11:30 PM,Caleb Hyles & Jonathan Young,Main Stage,Main Event,Caleb Hyles & Jonathan Young,
104,7/21/2023,1:00 PM,2:00 PM,Dr. Stone Q&A w/ J. Michael Tatum & Brandon McInnis,Panel 1,Voice Actor Guests,Various Guests,
105,7/21/2023,2:30 PM,3:30 PM,"Genshin Impact! Keith Silverstein, Suzie Yeung, Kayli Mills, Khoi Dao, & Laura Stahl ",Panel 1,Voice Actor Guests,Various Guests,
106,7/21/2023,4:00 PM,5:00 PM,The Many Voices of David Lodge Q&A,Panel 1,Voice Actor Guests,David Lodge,
107,7/21/2023,5:30 PM,6:30 PM,Opening Ceremonies,Panel 1,Main Event,Samurai Dan,
108,7/21/2023,7:00 PM,7:45 PM,Tekko Ribbon Game Panel,Panel 2,Main Event,Tekko Staff,
109,7/21/2023,7:45 PM,8:30 PM,Tekko Ribbon Game Panel Meetup,Panel 2,Main Event,Tekko Staff,
111,7/21/2023,9:30 PM,10:30 PM,"Samurai Dan Late Night Panel ""I'm an Idiot!""",Panel 1,Main Event,Samurai Dan,
112,7/21/2023,10:00 AM,11:00 AM,Traveling DM,Panel 2,Industry Guests,Charles Dunbar," Adapting Japanese Folklore for your D&D Table: It's harder than it looks. Creating a session, balancing encounters, choosing the right settings, and ultimately running the game requires a sense of finesse...and a lot of making square pegs fit in round holes. This is doubly hard when looking into adapting your passions into a session. Part Q&A, part advice garnered from 25 (!) years of play and game mastering, let's look at both the art and science of being a DM, and how one can use those skills to adapt what passions into projects. "
114,7/21/2023,11:30 AM,1:30 PM,Tekko Karaoke,Panel 2,Karaoke,Tekko Staff,
115,7/21/2023,8:30 PM,9:30 PM,Tekking101,Panel 2,Industry Guests,Tekking101," A Q&A panel with anime YouTuber, Tekking101. Discussing anime/manga and the YouTube industry."
116,7/21/2023,3:30 PM,4:30 PM,Caleb Hyles & Jonathan Young Q&A,Panel 2,Musical Guests,Caleb Hyles & Jonathan Young,
117,7/21/2023,7:00 PM,9:00 PM,Lip Sync for your Cosplay w/ Jez Roth,Panel 1,Industry Guests,Jez Roth,
118,7/21/2023,10:00 PM,11:00 AM,Freaking Filler w/ Nancy Kepner,Hall Stage,Industry Guests,Nancy Kepner,
119,7/21/2023,10:00 AM,11:00 AM,Tekko Today Live,Hall Stage,Main Event,Aaron Fristik ,
120,7/21/2023,12:00 PM,1:00 PM,Nancy Kepner Live!,Hall Stage,Industry Guests,Nancy Kepner,
121,7/21/2023,4:00 PM,5:00 PM,GPS Game,Hall Stage,Gameshow/Game,Unlockable Content,Think you’re good at Mario Kart? Good enough to play Blindfolded? Now you get to prove it. Prizes for the winning teams. 
122,7/21/2023,5:30 PM,6:30 PM,Tekko Tonight Live,Hall Stage,Main Event,Aaron Fristik ,
123,7/21/2023,8:30 PM,9:30 PM,"""They're a Ten But...""",Hall Stage,Gameshow/Game,Falling Star Pro,"Using the ""They are a ten but"" trend brings about a different way to rank your favorite anime characters. It's funny, thought provoking and discussion triggering. It will leave con goers with side stitches from their laughter, and ready to brawl for their maybe slightly toxic waifu's and husbandos."
124,7/21/2023,12:30 PM,2:00 PM,Anime Family Feud w/ Fuzion Games,Gameshows! (Panel 3),Gameshow/Game,Fuzion Games,"The popular television game show with an anime twist! Two teams compete to try and match surveys asked of fellow attendees at the convention! A team earns exp for getting the points for the round and the team to attain the most points after 5 rounds, moves on to Fast EXP to earn even more EXP to spend on amazing prizes!
"
125,7/21/2023,4:30 PM,6:00 PM,Pokemon Race to Victory Road w/ Fuzion games,Gameshows! (Panel 3),Gameshow/Game,Fuzion Games,Pokemon: Race to Victory Road w/ Fuzion Games
126,7/21/2023,6:30 PM,7:30 PM,Anime Name that Tune: Nightmare Difficulty,Gameshows! (Panel 3),Gameshow/Game,Emil,"Calling all name that tune experts! If you've completed every name that tune on YouTube with ease and you want to test the limits of your knowledge, this panel is made to push the limits of what you know and can recognize. "
127,7/21/2023,3:00 PM,4:00 PM,Classic Super Nintendo RPG Panel & Quiz,Gameshows! (Panel 3),Gameshow/Game,Jez Roth,
128,7/21/2023,8:00 PM,9:00 PM,The Anime Gameshow Gauntlet,Gameshows! (Panel 3),Gameshow/Game,ProfessorViral,"Face swaps of your favorite characters, ridiculous screenshots & dialogue, unthinkable premises; can you guess the right answer in these categories to win in a laugh-packed hour of anime insanity?"
129,7/21/2023,11:00 PM,12:00 AM,Pictionary Airnime,Gameshows! (Panel 3),Gameshow/Game,Unlockable Content,Contestants play Pictionary air drawing anime titles for the Audience to guess. Prizes to be won. 
130,7/21/2023,10:30 AM,11:30 AM,Twitch 101: Getting Started to Affiliate,Panel 4,Panel,Michelle Farina,"Talking about how to get started on Twitch (what you would need), to getting towards affiliate, hitting affiliate and where to go from there."
131,7/21/2023,12:00 PM,1:00 PM,Crafting to Career,Panel 4,Panel,Ely Renae (Kangaroomis),"Join us for an informative discussion on how to turn your hobby or art form into a thriving business. This panel will provide you with practical strategies and insights for monetizing your passion and making a living doing what you love. Ely Renae (Kangaroomis) will share her personal experiences, as well as offer tips on how to build a brand, market your work, and attract customers. You'll also learn about the challenges and pitfalls of turning a hobby into a full-time career, and how to overcome them. Don't miss out on this opportunity to learn how to take your hobby to the next level!"
132,7/21/2023,3:00 PM,4:00 PM,Underneath the Popularity: Underrated Studio Ghibli Films,Panel 4,Panel,Lexi Jeanne,Have you seen most of the popular Studio Ghibli movies? Do you want to discover something new? Come join us as we watch Studio Ghibli film trailers and discuss the facets of the films.
133,7/21/2023,4:30 PM,5:30 PM,Hallyu Raiders: A Kpop DnD Mash Up!,Panel 4,Panel,Fin H,We take elements from Kpop and turn them into DnD materials. Would RM from BTS be a druid or a monk? Would Lisa from BLACKPINK make a good sorcerer? Could you build an entire world and lore from the Deja Vu Dreamcatcher music video? We will answer these questions and more. Hopefully we can be the spark that lights your inspirations aflame.
134,7/21/2023,6:00 PM,7:00 PM,The Pugnacious Pompadour Punk Panel,Panel 4,Panel,Amanda Dunlop,"Pompadour Punks with hearts of gold, we all love them! Come learn the history behind their fashion choices and talk about your favs!"
135,7/21/2023,7:30 PM,9:00 PM,Anime Fight Club Revengeance,Panel 4,Panel,Brian of Pop Ramen Comedy,"Our combatants are back: rested, refreshed, and ready to step into the ring. Bring your knowledge, your support and enthusiasm - and maybe a couple of fourth-wall breaking jokes - and join us for a new tournament era as we attempt to answer the ultimate question of all fandom: who would win in a fight!"
136,7/21/2023,9:30 PM,11:30 PM,Jojo's Bizarre Slumber Party,Panel 4,Panel,CowboySimpCos,"Join us for our third year of Jojo's Bizzare Slumber party as we enjoy a night full of presentations, games, and competitions all centered around our favorite anime, Jojo's Bizzare Adventure! Trivia, Debates and Prizes all around for everyone!"
138,7/21/2023,11:00 AM,12:00 PM,Witchcraft in Anime,Panel 5,Panel,Shelly Hershey,Come join us while we explore witchcraft in anime and discuss the similarities and differences to real life practices.
139,7/21/2023,1:00 PM,2:30 PM,Accessibility in the Kitchen,Panel 5,Panel,Katy Scarlet,"Spiritual successor to ""How to Feed a Broke Weeaboo"", this panel is a crash course in keeping yourself nourished when your brain and body won't cooperate."
140,7/21/2023,3:00 PM,4:00 PM,Contact Safety 101: How to properly pick and wear Cosplay Contacts,Panel 5,Panel,Operacosplay ,Cosplay Contacts can be a major safety hazard if the correct actions and brands are not chosen. Join your local microbiologist in discuss the risk factors and right way in choosing contacts for your next cosplay 
141,7/21/2023,4:30 PM,5:30 PM, Bakusquad ASL Part 2!,Panel 5,Panel,Falling Star Pro,"Fanonly, Katsuki Bakugo is losing his hearing, join the bakusquad as to learn the basics of ASL. Bonus content: Learn how to sign Bakugo's nicknames for Class 1 A! This panel is led by Mina of Falling Star Pro who is a teacher of the Deaf and Hard of Hearing and who graduated from an ASL Interpreting Program. This panel will review some of the signs and things taught at last years Tekko 2022 and will include new signs and interactions as well."
142,7/21/2023,6:00 PM,7:00 PM,Not Your Momma's Magical Girls,Panel 5,Panel,Kawaii Neko Productions,"Magical girls have a history of being super kawaii, but more recently we have had an influx of non-traditional magical girls. From boys in super cute outfits, to girls who fight in the army come learn about the new wave of mahou shoujo, these ain’t the magical girls your momma knows!"
143,7/21/2023,7:30 PM,8:30 PM,An Introduction to IndyCar Auto Racing,Panel 5,Panel,Seana Anne Moucheron,"Hello one and all, did you enjoy the IndyCar Racing in the Rising Sun panel? If so, the sequel is here. This is much deeper look into the sport of IndyCar racing. If you want to learn how the racing itself works as well as the dynamics of the drivers, teams, and championships, you've come to the right place. Let's drink some milk like it's the month of May!"
144,7/21/2023,9:00 PM,10:00 PM,I Really Like Gengar and I'd Like to Talk about Him for Maybe an Hour?,Panel 5,Panel,Risuruuu,"Do you have a favorite Pokemon? Well, I do. And I love him a lot. Like, a LOT a lot. He is my joy, my laughter, my comfort. My fat purple son, Gengar. So I just wanna talk about him for a bit if that’s cool? Come by and we’ll go over lore, appearances, his widdle feets, and most importantly, appreciation for this smiley lil’ dude!"
146,7/21/2023,10:30 PM,11:30 PM,893:  A History of Organized Crime in Japan (18+),Panel 5,Gakkou Panel,Todd Koons,A crash course in the history and how the Yakuza world in the real world
147,7/21/2023,3:00 PM,4:00 PM,Armor Academy: Chainmail,Panel 6 (Workshops),Workshop,Alyxe Khei,"In this panel, we will teach you the basics of European style chainmail weaving and leave you with a small pieces crafted by your own hands. Their will be a 15 dollar materials fee to participate, but any are welcome to watch.
"
148,7/21/2023,4:00 PM,5:00 PM,Armor Academy: Scale Armor,Panel 6 (Workshops),Workshop,Alyxe Khei,"In this panel, we will teach you the fundamentals of making scale armor, and leave you with a small piece made by your own hands. Their will be a 15 dollar materials fee to participate, but any are welcome to watch."
149,7/21/2023,5:00 PM,6:00 PM,"DIY Leathercraft: Studs, Spikes, and Safety Pins",Panel 6 (Workshops),Workshop,Alyxe Khei,"Come learn the noble art of putting spikes in things, the basis of DIY goth and metal fashion; bring and old leather jacket you'd like to work, or customize a pair of fingerless leather gloves provided by the workshop. There will be a 20 dollar materials fee to participate, but any are welcome to watch."
150,7/21/2023,8:30 PM,11:00 PM,J Fashion Swapmeet,Panel 6 (Workshops),Workshop,Tekko Staff,Are you missing a headbow for an otherwise spotless coordinate? Looking for your first set of blouses or a JSK? Or are you looking to let go of some well-loved pieces that don’t quite go with your wardrobe anymore? Then Tekko’s J-Fashion Night Market is the place for you! 
151,7/21/2023,6:30 PM,8:00 PM,Let's Talk Textiles! An Intro to Fabrics for Cosplay,Panel 6 (Workshops),Workshop,Carlettecore,"Knit or woven? Bias? Fiber content? What needle should I use? What's the best fabric for my project? If you find yourself asking these questions about fabric, this panel is for you!  "
152,7/21/2023,2:00 PM,3:00 PM,Kendo Demo & Q&A with Pittsburgh Sword Fighters,Hall Stage,Main Event,Pittsburgh Swordfighters,Watch in awe as some of the Pittsburgh Sword Fighter's finest members take the Hall Stage to demonstrate their kendo skills. Be sure to bring your burning questions for after the demo!
153,7/21/2023,3:00 PM,5:00 PM,Identify the H,Panel 7 (18+),18+,L-Dragon,"Welcome to Identify The H! A game show with a simple premise. Watch the short clip and guess, is it from a hentai or not?"
154,7/21/2023,7:00 PM,8:30 PM,Behold Corn! A Yaoi Panel,Panel 7 (18+),18+,Punny Panels,"Semes, ukes and switches. Oh my! If you love to see two guys together, this panel is for you. Punny Panels is ready to share their favorite yaoi manga and anime, so come squeal over bishonen with us."
155,7/21/2023,5:30 PM,6:30 PM,Cursed Fanfiction Read-Along,Panel 7 (18+),18+,CowboySimpCos,"Ever snuggle in for the night to read some good-old fashioned fanfiction, but you open Ao3 and your only reaction is ""WHAT?!"" This panel is for you! We'll be going over some of my personal favorite cringe-inducing and hair-raising pieces of fan literature as well as having audience participation as you read along to both all ages and...more explicit fanfics! "
156,7/21/2023,10:30 PM,11:30 PM,Let's Talk about the Omegaverse 18+,Panel 7 (18+),18+,The Omegas,"Have you heard about the Omegaverse, but aren't sure what it is? Or are you a huge Omegaverse fan and what to learn more? Come join this panel to learn and talk about the Omegaverse! We will be learning about the history of Omegaverse, anatomy, hierarchies, and more, plus a Kahoot at the end to test your knowledge. This is a safe space for all omegaverse lovers and those who want to learn more, so don't be afraid to attend!"
157,7/21/2023,11:00 AM,11:15 AM,Attendee Performance (nici),Stage Uzume,Dance/Music,Tekko Staff,
158,7/21/2023,12:00 PM,1:30 PM,Dance Gathering Meetup,Stage Uzume,Dance/Music,Tekko Staff,
159,7/21/2023,4:30 PM,5:15 PM,Attendee Performance (GxG Wolf),Stage Uzume,Dance/Music,Tekko Staff,"GxG Wolf is a nerdcore musician and rapper based out of Florida. Wolf started his rap career after founding his group WolfPackCol, and ever since then has been focused on improving not just his own craft but his family's as well. Wolf has been using anime, comic books, and video games to deliver a nerdcore experience unlike any other. Come see Wolf perform at Stage Uzume!"
160,7/21/2023,6:30 PM,7:30 PM,Random Dance Play,Stage Uzume,Dance/Music,Tekko Staff,"Come join fellow KPOP fans at this random play dance! There will be a variety of artists place such as ITZY, BTS, NEW JEANS, lots of TWICE, SEVENTEEN, and more! No dancing experience required, just come and have fun!"
161,7/21/2023,8:00 PM,10:00 PM,Kpop Dance Party (ft. imyoonotyou),Stage Uzume,Dance/Music,Tekko Staff,
162,7/21/2023,10:30 PM,12:00 AM,Kpop Chill Hours,Stage Uzume,Dance/Music,Tekko Staff,
163,7/21/2023,1:00 PM,2:00 PM,Meet the NPC,Meet Ups,N/A,The NPC,"Need more to do at the Convention, look no further. The NPC is looking for people to go on Quests during their time at the Convention. Are you ready?"
164,7/21/2023,8:00 PM,9:00 PM,Introduction to Yōkai in Anime,Tekko Gakkou,Gakkou Panel,Lexi Jeanne,"Come learn about Japanese yōkai, folklore history, and its place in anime. "
166,7/21/2023,9:30 PM,10:30 PM,The Wokeness of Ouran High School Host Club,Tekko Gakkou,Gakkou Panel,Black Hole Production,"Ouran is more than a reverse harem shojo anime, it's an exploration of gender roles and identity. Its lessons apply to our understanding of gender identity in other anime, movies, and in daily life."
167,7/21/2023,7:30 PM,8:30 PM,Resurrection: Dead Fandoms,Meet Ups,N/A,Fin H,Ever feel like you've jumped on an anime after it hit its peak? Still in love with a franchise that no one else seems like be into? Let's talk about that and more. What fandoms should we bring back? What fandoms should stay dead? 
168,7/21/2023,7:30 PM,8:30 PM,Meow at me Senpai-Cat themed anime,Panel 8,Panel,Kawaii Neko Productions,Nyan! Looking for an anime starring everyone's favorite animal? Of course you are! Join us as we talk about anime made for cat lovers! Nyan
169,7/21/2023,1:00 PM,2:30 PM,LET'S GO Salty Bet! ,Panel 7 (18+),Gameshow/Game,vougz and qixa,Come watch worlds collide in the computer controlled fighting game experience that is Salty bet! Choose your side and cheer for which fighter you think will win. Watch fights such as Elmo Vs Vegeta!
170,7/21/2023,6:30 PM,7:30 PM,Anime Name that Tune: Nightmare Difficulty ,Gameshows! (Panel 3),Gameshow/Game,Emil,"Calling all name that tune experts! If you've completed every name that tune on YouTube with ease and you want to test the limits of your knowledge, this panel is made to push the limits of what you know and can recognize. "
171,7/21/2023,1:00 PM,2:00 PM,What Are We Reading on Webtoon,Panel 8,Panel,Laura,"With the growing popularity of webcomics, join us as we dive in to the wonderful world of Webtoon. We will go over how the site works, series recommendations and the best way to support the creators."
172,7/21/2023,10:30 PM,11:30 PM,Knewlore presents: Oh The Horror,Panel 8,Panel,Knewlore,"With fewer and fewer humans believing in yokai, these beings are fading out of existence. As a last ditch effort to survive, a small group of misguided monsters flee to America – the land of opportunity… and hopefully the easily frightened."
173,7/21/2023,9:00 PM,10:00 PM,Advanced Lolita Substyles,Panel 8,Fashion,Blix,"You've heard of Country Lolita, but what about Country/Western Lolita? This fun panel will be substyles and coordination themes that a 101 panel typically doesn't have time to cover."
174,7/21/2023,9:00 PM,11:00 PM,Seduce Me A Slumber Party (18+),Meet Ups,N/A,Kera,"With so many to choose from Mystic Messenger to Obey Me to Dream Daddy to Hooked On You and so many more join 707 and Leviathan to sit and talk about your favorite Dating Sims, maybe even play a few games: Truth or Dare, Cards Against Humanity, What Do You Meme, etc, bring your own game(s) if you'd like! Dress in PJs or cosplays or whatever, bring a blanket if you want! Just a fun after dark experience with people who love games about love! 18+"
175,7/21/2023,10:30 AM,11:30 AM,Trauma in Anime,Tekko Gakkou,Gakkou Panel,Jennifer Palmquist,Ever wondered what role trauma plays in how your favorite anime characters behave or respond to situations? This panel will explore facets of trauma and what it can look like for the individual experiencing it as well as what it can look like for others around them. (working description)
176,7/21/2023,11:00 PM,12:00 AM,Anime For Big Kids,Tekko Gakkou,Gakkou Panel,Katy Scarlet,"(Suggested age 16+) Growing up is hard, but you're never too old for anime! Join us for a look at Coming of Age anime and Manga in ""Anime for Big Kids""!!"
177,7/21/2023,11:30 AM,12:30 PM,Anime Conventions of Years Past,Panel 8,Panel,N/A,"Ever wondered about what Anime Cons were like before the modern day, and how they came to be the way they are today? Come to learn what it was like to go to a con at different points in the past"
177,7/21/2023,10:00 PM,11:00 PM,Law and Cosplay,Panel 9 (Cosplay),Cosplay,Bee (@law_of_cosplay),"Hi there! My name is Bee, and I am currently a 1L in law school! I'm also an avid anime fan and cosplayer! Come discuss time management, law school strategies, professionalism, and how to work in a very formal profession while still being true to yourself."
178,7/21/2023,4:30 PM,5:30 PM,Gambler's Den 18+,Meet Ups,Gameshow/Game,Bee (@law_of_cosplay),Have you ever wanted to test your luck against the king of the undead? This is your chance! Join Hua Cheng and Xie Lian in the gamblers den for a night of games and homosexual activities. Just make sure you're prepared to lose a finger… 
179,7/21/2023,2:30 PM,3:30 PM,"Pop Ramen & Fuzion Games Present: The ""How To Make a Game Show Panel"" Panel",Panel 8,Panel,Pop Ramen & Fuzion Games,"Want to join the Tekko Game Show Host Club? (kiss kiss hands on buzzers) Get some inside info from hosts who have over 20 years of combined panel experience. From the basics to the art of the game, you'll be a winner in no time!"
180,7/21/2023,3:00 PM,4:00 PM,Contact Safety 101: How to properly pick and wear Cosplay Contacts ,Panel 5,Cosplay,Operacosplay ,Cosplay Contacts can be a major safety hazard if the correct actions and brands are not chosen. Join your local microbiologist in discuss the risk factors and right way in choosing contacts for your next cosplay 
181,7/21/2023,9:00 PM,10:00 PM,Gyaru of Love! The Dating Game,Panel 7 (18+),Gameshow/Game,109 Degrees Gyaru-sa,"It’s almost time for the Beach Episode and it looks like you need a partner for your Baecation! Let's play Tekko's favorite Dating game, Gyaru of Love! Our eligible Gyaru are looking for the one. Someone who can pay for their nails, dance para para, and bring home the Alba Rosa. You, our lucky contestant, will choose your date based off a series of questions answered by our lovely Gals. Can true love be found at an anime convention? Will you accept this lei necklace as a token of our love? Find out at Gyaru of Love! The Dating Game.
"
182,7/21/2023,4:00 PM,5:00 PM,So you wanna get into Speedrunnig?,Panel 8,Panel,Risuruuu,"This one’s for all the Games Done Quick viewers and speedrun enthusiasts who have been teetering back and forth about actually speedrunning their favorite games. Join Sonic series speedrunner Risuruuu to learn about how to take those very first steps into the world of playing games fast! Topics covered will include selecting games, timing and recording your runs, and getting your name on some leaderboards! "
183,7/21/2023,6:30 PM,7:30 PM,I Read Danmei Once and Never Went Back (18+),Tekko Gakkou,Gakkou Panel,Eion,Dive into danmei where we got everything you’re looking for in your Boy’s Love. Angst? We got angst. Wholesome? We got wholesome. Revenge? We got revenge too! To top it all off of course we got men. Just make sure you have your box of tissues because you’ll need them for the rollercoaster of emotions that is danmei.
184,7/21/2023,3:00 PM,4:00 PM,IndyCar Racing in the Rising Sun,Tekko Gakkou,Gakkou Panel,N/A,"Let's take a look at the history of IndyCar Racing with Japan! We'll look at drivers, tracks, teams, and historic moments like Danica Patrick being the first woman to win a race during IndyCar in Japan! If you're new to IndyCar, you'll get a quick refresher of what it is and entails so come on by, one and all!"
185,7/21/2023,4:30 PM,6:00 PM,Mental Health in Anime and Gaming,Tekko Gakkou,Gakkou Panel,Lucky 13 Cosplay Studios,"The world of anime and gaming is full of many themes and topics. One of those is the use of mental health disorders in a characters story. Come learn about the different animes and games that include themes of mental health disorders such as PTSD, Depression, anxiety, and more. NOTE: Content warning as serious subjects will be talk about."
186,7/21/2023,1:30 PM,2:30 PM,Gods and Historic Figures: As Only Anime Can Portray Them,Tekko Gakkou,Gakkou Panel,Consider the Nonsense,"Join us to learn about the time Joan of Arc was a Magical Girl, the time Oda Nobunaga piloted a giant robot, the time Jesus and Buddha were roommates, and more. We’ll try to give you something new to enjoy, and maybe we’ll all learn something in the process."
187,7/21/2023,6:00 PM,7:00 PM,All About Gundam Models,Panel 8,Panel,Consider the Nonsense,"You hear the word ""Gunpla"" but you don't know what it is. Well stop on by and get a crash course in the world of Gundam models and how you can join a community that spans decades."
188,7/21/2023,10:00 AM,11:30 AM,I Think We're Alone Now,LARP 1,LARP,Tekko Staff,"Our story begins with our team on the run, having just stolen an item of critical significance from a nefarious group of pursuers who seeks to eradicate those who are not like them. The team has finally found a spot to hide for the current time. But they are not safe. Their hiding place is still within the confines of the pursuers’ facility. The pursuers are no doubt closing in and will find them at any moment. 

Because any sound could lead the pursuers to find them, THIS GAME IS PLAYED IN ABSOLUTE SILENCE. Players must find non-verbal ways to communicate with their teammates in planning their escape or course of action. "
189,7/21/2023,10:00 AM,11:30 AM,The Hench Union,LARP 2,LARP,Tekko Staff,"Twelve days ago, the henchfolk of renowned supervillain Professor Von Doctor voted to unionize. PVD threatened to fire everyone if they tried, so they stole one of his doomsday devices and demanded a contract negotiation.

Today’s the day. Time to bargain."
190,7/21/2023,11:30 AM,1:30 PM,Adult Survivors of Cinematic Childhood Trauma ,LARP 2,LARP,Tekko Staff,"Adult Survivors of Cinematic Childhood Trauma is set at the first meeting of a public group therapy session. All of the characters are adults who, as children, were involved in fantastic adventures taken from popular movies. They may have been chased by dinosaurs, or been kidnapped by a goblin king, or jumped into chalk paintings, or could see dead people … for example.

They have grown up having to deal with the mental repercussions of their childhood adventures in a world where people will be unlikely to believe their stories. They will have triggers and will be encouraged to discuss their trauma. It is possible that parts of the larp will become loud and intense."
191,7/21/2023,8:00 PM,10:00 PM,The Importance of Being Convergent,LARP 1,LARP,Tekko Staff,"Tetrana is a small but ancient and prosperous kingdom. Its most distinctive feature is its strong caste system, which divides every individual into a rigid caste based on affinity to one of the four elements: Air, Fire, Water, or Earth. Each caste has rigidly defined roles and a strict place in the social hierarchy.

Most unusually, however, every 100 years a mystical Convergence of the four elements reshapes the structure of Tetranan society, allowing the caste hierarchy to be realigned! This is obviously a most important event, and you are privileged to represent one of the four castes at the Convergence, with the power to determine if a Realignment will occur. You do this, of course, by using your elemental gems to summon your spirit butterfly. Because everything about Tetrana makes perfect sense.

Of course, it'd be highly improper for anyone to pretend to be a member of a caste they are not, and especially so at such an important event that will decide the future of the country for the next century. So you have every assurance that everyone is exactly who they appear to be.

The Importance of Being Convergent is a short game of politics, secret identities, and romance, but primarily ridiculousness. It won 2nd place in the Iron GM contest at Intercon N. It is optimized more for roleplaying, humor, and dramatic scenes than for cutthroat competition, and has few mechanics."
192,7/21/2023,2:00 PM,4:00 PM,A Very Merry Board Meeting,LARP 1,LARP,Tekko Staff,"You are Santa’s Elves! Each player will be taking on the character of a North Pole elf, working in one of the departments essential to making The Big Day function on behalf of The Big Guy (Good old Saint Nick, Krisingle, Santa Claus himself). The game is meant to engage solely with the secular side of the Christmas holiday, and the elves themselves do not observe Christmas.

The North Pole is about to enter the busiest time of the year- it is the day after Thanksgiving, and the day of the annual Board Meeting, where all of the departments meet to go over final plans and resource allotment before the last big push. Before this meeting, the departmental work has been guided by the Heads of each department, hoping to make their goals and show their progress at the big meeting. The Heads, any Assistants, and Interns (it’s a good learning opportunity!) are the only elves who attend and will later direct the other elves in what needs to be done. The big decision to be made is who is going to handle Wrapping, as there is no department who has direct oversight of the increasingly difficult job. Everything must be decided by the time the Big Guy visits the meeting.

Elves are never negative about anything. Everything is the best idea ever. No one has ever done anything wrong. Everyone is just the bestest of friends. All problems can be fixed, and no one should ever be without a smile. Some elves have managed to turn this positivity into a shield or a weapon, while others long to break free of its grasp- but doing so would undoubtedly have terrible social and career consequences. Not all elves like each other, and there are tensions between many of the departments and sometimes even within the department. Some elves are stuck doing jobs they have come to despise, and others are just sick of keeping up appearances.

So have the very merriest of board meetings, my elfin friends! I’m sure it’s all going to go just wonderfully!"
193,7/21/2023,2:00 PM,3:30 PM,This is Fine,LARP 2,LARP,Tekko Staff,"You are at a networking event during a Very Important Business Conference. Out in the real world, the literal apocalypse is happening. Meanwhile, you really, really need that job. Fortunately for you, a Very Important Business Dude is about to give a Very Important Business Talk, and rumor has it that his company is hiring! Can you successfully network your way to the top and get that interview you so desperately need to survive? Until the world ends at least..."
194,7/21/2023,4:00 PM,5:00 PM,🌸⚔️Slow Motion Anime Duel⚔️🌸,LARP 1,LARP,Tekko Staff,"A game for sets of 2-4 players about participating in a drawn-out and very dramatic conflict. As the title suggests, the duel can be a sword fight or martial arts battle – but it can also be something like an intense cooking competition or a children’s card game. If it makes you go “huh, I bet there’s an anime about that,” it’s a fair subject for Slow Motion Anime Duel!"
195,7/21/2023,3:30 PM,5:00 PM,CON/fused,LARP 1,LARP,Tekko Staff,"In this game, informal play at a convention allows somebody to steal the spotlight. Or at least try to steal the spotlight. Very little prep required. Play with friends or strangers in sets of 3-4! :)"
196,7/21/2023,4:00 PM,5:30 PM,Hemophiliacademics,LARP 2,LARP,Tekko Staff,"""What strengths do you bring to the program?"" 
""Do you have experience with traditional education as we understand it today? Tell us about it.""
 ""How do you plan to be a role model to other undead applicants and scholars?""

 It is present day.Vampires are real.Vampires have been exposed publicly in the last year. Vampires now flock to academia for safety, a food supply, careers, and friends. Any vampire who does not get accepted into academia is fair game for hunters, priests, and mobs alike.

You are a vampire, or a human, or a dhampir. You are either an interviewer on a panel for a private university, interviewing applicants for a brand new special vampiric graduate student program -- or else you are being interviewed. All of you know this is a matter of life and death, as well as academic enrichment.

 Hemophiliacademics is a tense chamber LARP about academia, vampires, and prejudice. The game includes safety rules and premade characters for ease of play."
197,7/21/2023,5:00 PM,7:00 PM,The Court of Ferns,LARP 1,LARP,Tekko Staff,"The Court of Ferns is a hilarious bureaucratic nightmare. It plays with frustration in a truly absurdist way and, as is fitting with the bureaucratic theme, uses signage as an in-game means to introduce additional players into the mix. This game is wonderfully silly and approachable for players who might be wandering by wondering what on earth they are witnessing."
199,7/21/2023,5:30 PM,7:30 PM,A Game of Secret Societies,LARP 2,LARP,Tekko Staff,Who can be the best secret agent and spy? Each player is a member of one or more secret societies. Each secret society has a secret phrase. The object for each player is to figure out the most secret phrases by observing the other party members and trying to blend into the different secret societies. How well can you do? 
200,7/21/2023,6:00 PM,7:30 PM,Too Many Mediums,LARP 1,LARP,Tekko Staff,"What happens when your seance is overloaded with Mediums? Well, it can get pretty loud, and the ghosts of the beyond usually tend to sound a lot like rowdy game convention attendees. 

Too Many Mediums is a comedic freeform game meant to be played in a noisy convention hall for four players and, of course, plenty of unwitting audience participation."
201,7/21/2023,7:30 PM,9:00 PM,Triple Blind,LARP 2,LARP,Tekko Staff,A diplomatic scenario takes a turn for the unusual. This experimental LARP contains 9 characters split into thirds. The characters are randomly distributed so that even the GM doesn't know who is actually whom. Designed to run without a GM.
202,7/21/2023,12:00 PM,2:30 PM,SLASH,LARP 1,LARP,Tekko Staff,"A Hellmouth has opened in Mount Laurel, New Jersey and sixteen well known characters have come from across space and time to close it. Snape/Harry. Kirk/Spock. Angel/Xander. Mary Sue/Everyone. 
A very silly and brain breaking game playing off of fandom and popular tropes.

This game requests prior registration. This game has detailed character sheets and minor costuming suggestions. Players that sign up in advance and are assigned a character before the event will have more time to become familiar with their characters, as well as costume themselves appropriately.

Please see the LARP department as soon as possible if you are interested in playing to sign up! :) "
203,7/21/2023,9:00 PM,10:30 PM,Skeleton Song,LARP 2,LARP,Tekko Staff,"""If you're going to write a game about serial killers ... play this one first."" -fia glas

Your name was on the front page. You were a victim with a number. One, two, three, four, five. When they caught him, your Killer’s full name was splashed across the front page too, along with smaller pictures of the rest of his victims. They wrote hundreds of words dedicated to his motives: what he wanted, why he wanted it, how could such a monster exist among us. You were relegated to his kills, his trophies. He captured the public imagination.

They haven’t heard you since you went missing. Your voice was snuffed out, or added to the background noise of the Killer’s glamour. You became a part of him, part of his past, his present, and his future.

A feminine horror LARP about reclaiming your personhood in the face of someone who wants to take it away, even beyond death.

Note: This game is about trauma inflicted on the bodies and minds of victims by a male serial killer. While the focus is not on the details of the murders, themes of sexual violence, other physical violence, abuse, gaslighting, and death may crop up in game. Please see the safety notes in game for suggestions on how to handle these themes responsibly.

This game deals with adult content and is not recommended for minors."
204,7/21/2023,10:30 PM,12:00 AM,hack/Enhance,LARP 1,LARP,Tekko Staff,"You play hackers-for-hire in the office of your staffing agency. You spend your downtime chatting about work, personal lives, and doing a bit of trash talk. When your pager goes off, it means another team of professional criminals has a job for you doctoring security footage. it’s time to spring into action. Head to one of the two hacking terminals in the office and HACK! 

If you do well, you go up on the leaderboard, if you don’t, well… not everyone’s cut out for the freelance hacker life."
205,7/21/2023,10:30 PM,12:00 AM,Crypt Kickers,LARP 2,LARP,Tekko Staff,"Half a century has passed since the infamous ""Monster Mash"" took place. Now, the original planner's grandchild wants to host a party with the all the same guests. Gather for this monstrous committee LARP and decide where to host an unforgettable Halloween bash. 

The challenge? Everybody must agree on the place, otherwise the party doesn't happen. Dim the lights, cue up the music, and negotiate for a hideous celebration. This is Crypt Kickers."
206,7/21/2023,9:30 AM,1:00 PM,D&D 5e: Faren's Rest,RPG 1,RPG,Tekko Staff,"An unnatural drought leads to a series of betrayals and disasters that threaten the very fate of the heavenly court. This adventure is derived from the Japanese classic text ""Kojiki: A Record of Ancient Matters"""
207,7/21/2023,9:30 AM,1:00 PM,D&D 5e : Magic Treening,RPG 1,RPG,Tekko Staff,"Set in the Diadem campaign setting. You have been chosen by Isekai to represent your home worlds during the instability of magic. However, there is just one problem: You are not skilled in magic, or may have dedicated your whole life to the martial arts or melee combats instead! Let the magic treening commence!"
208,7/21/2023,9:30 AM,1:00 PM,PF2 Mod: Little Trouble in Big Absalom,RPG 1,RPG,Tekko Staff,Always living in the shadows is hard when you're a clever and regal creature like a kobold. Now it's time to make a name for yourself and bring honor and prestige to your clan.
209,7/21/2023,9:30 AM,1:00 PM,Exhalted: The Fall of Thorns,RPG 1,RPG,Tekko Staff,"It has been one year since the disappearance of the Scarlet Empress. Her Realm is now slowly starting to implode, the noble families of her great Dynasty vying for control. Those satrapies that cannot provide immediate benefit to the Great Houses are left to fend for themselves, and this sadly includes the great jewel of the near-East - the beauteous city of Thorns. For the Deathlord known as the Mask of Winters is on his way to claim it as his new capital of undeath, knowing few remain to stand against him."
210,7/21/2023,2:00 PM,6:00 PM,D&D 5e Bakery Disaster,RPG 1,RPG,Tekko Staff,"A modern setting of DnD. In a strange town, where nothing is quite right but never wrong, mysterious shipments of baked goods have been appearing. They're not from any of the bakeries known in the town, and no one can tell where they come from. One such bakery in town, Cafe Au Lait, noticed that their early morning shipments of ingredients and fruits have been swapped out with these mysterious pastries. As concerned citizens of this town, the party decides to investigate, and perhaps find themselves in a food fight."
211,7/21/2023,2:00 PM,6:00 PM,D&D 5e: Bears and Botany,RPG 1,RPG,Tekko Staff,"In the sleepy town of Stillwater, an extraordinary phenomenon unfolds unbeknownst to its inhabitants. A magnificent tree, nestled at the heart of the community, Little do they realize that the melody is the clandestine source draining their life force. Unraveling the mystery, the player characters embark on a perilous quest, aiming to discover the true nature of the singing and find a way to liberate Stillwater from its insidious grip. Time is of the essence as they race against the fading life force of the townfolk, striving to restore balance without revealing the tree's malevolent secret."
214,7/21/2023,2:00 PM,6:00 PM,"PF2 Mod: Menace Under Otari, Part 1: Upper Level (from PF2 Beginner Box)",RPG 1,RPG,Tekko Staff,"Word has begun to spread around Otari that there’s a problem down at the Otari Fishery. Some are saying that some sort of beast is lurking in the basement, feeding on the stores of salted fish. Folks are worried that whatever is eating the fish might get hungry enough to eat the fishers next!"
215,7/21/2023,2:00 PM,6:00 PM,D&D 5e: Pirates of Avaeus Part 1,RPG 1,RPG,Tekko Staff,"Southwest of Avaeus, lies The Devil's Maw. Pirates are rampant and so is treasure. But while there's no traditional law here...the Pirates have their own way of running things. Welcome to the Devil's Maw."
216,7/21/2023,7:00 PM,11:00 PM,D&D 5e: Bears and Botany,RPG 1,RPG,Tekko Staff,"In the sleepy town of Stillwater, an extraordinary phenomenon unfolds unbeknownst to its inhabitants. A magnificent tree, nestled at the heart of the community, Little do they realize that the melody is the clandestine source draining their life force. Unraveling the mystery, the player characters embark on a perilous quest, aiming to discover the true nature of the singing and find a way to liberate Stillwater from its insidious grip. Time is of the essence as they race against the fading life force of the townfolk, striving to restore balance without revealing the tree's malevolent secret."
217,7/21/2023,7:00 PM,11:00 PM,D&D 5e: Magic Treening,RPG 1,RPG,Tekko Staff,"Set in the Diadem campaign setting. You have been chosen by Isekai to represent your home worlds during the instability of magic. However, there is just one problem: You are not skilled in magic, or may have dedicated your whole life to the martial arts or melee combats instead! Let the magic treening commence!"
218,7/21/2023,7:00 PM,11:00 PM,PF2 One-Shot #4: Mark of the Mantis,RPG 1,RPG,Tekko Staff,"The Red Mantis assassins are one of the most feared organizations on all of Golarion, for their reach is far and their methods effective. When several of Absalom’s councilors from the Petals District turn up dead, all evidence points to Red Mantis responsibility."
218,7/21/2023,7:00 PM,11:00 PM,D&D 5e: Pirates of Avaeus Part 2,RPG 1,RPG,Tekko Staff," Southwest of Avaeus, lies The Devil's Maw. Pirates are rampant and so is treasure. But while there's no traditional law here...the Pirates have their own way of running things. On the island of Canis, there is an arena where people fight for freedom or glory. Will you win? Or will you die?"
219,7/21/2023,7:00 PM,11:00 PM,Star Wars Edge of Empire: Beginner Box,RPG 1,RPG,Tekko Staff,"In a Galaxy Far, Far Away... Star Wars EotE is basically the players play as the ""scum and villainy"" of the universe. Bounty hunters, smugglers, explorers, settlers. Not the Jedi, not the Troops. More like Boba Fett, Han Solo, Owen and Beru, etc. Sequel adventure if I get multiple sessions of the same players."
220,7/21/2023,3:00 PM,4:00 PM,Origami Workshop (Ages 12 and under),Chibi,Panel,Genkage,"This is a panel for those who have never tried Origami (The Japanese art of folding paper) before, but were always curious.  Origami paper will be provided. Kids age 12 & under and their families welcome."
220,7/21/2023,7:00 PM,8:00 PM,PSF Demo,Hall Stage,Industry Guests,Dueling Pisces,
221,7/21/2023,11:30 AM,12:30 PM,Beyond the Sword: Tackling Weird and Whacky Cosplay Details,Panel 9 (Cosplay),Cosplay,Ashasauros,"So you've learned the cosplay basics, you may have even made a sword or two! But yet another anime or video game character wanders into your life with a strange gem in their chest, a fancy gadget, or a furry head. Join us to learn some tips and tricks for tackling all the weirdest cosplay details to up your crafting game and make the whacky details a little less scary!"
222,7/21/2023,1:00 PM,2:00 PM,Dyework & Fabric Painting,Panel 9 (Cosplay),Cosplay,Lady Cels,
224,7/21/2023,2:30 PM,3:30 PM,Crossplay...for guys!,Panel 9 (Cosplay),Cosplay,MelPool,"Ever wanted to cosplay your favorite waifu? Come learn everything you would need to know to cosplay any and every character! Topics include choosing your character, makeup, padding, posing, and more!"
225,7/21/2023,4:00 PM,5:00 PM,It Has Pockets!: Cosplay Logistics,Panel 9 (Cosplay),Cosplay,Lutavia,"Join Lutavia Cosplay in learning to make your costumes more mobile, easily repairable, and more comfy for any climate! From gowns to armor, learn tips and tricks for rigging, attachments, and more."
226,7/21/2023,5:30 PM,6:30 PM,The Last 10% ,Panel 9 (Cosplay),Cosplay,Lady Cels,"Ready to take your cosplay game up a notch? In this panel, we’ll learn how to level up your sewing with finishing techniques."
227,7/21/2023,7:00 PM,8:00 PM,Yes You CAD: Intro to 3D Modeling,Panel 9 (Cosplay),Cosplay,StarsOfCassiopeia,"Join StarsOfCassiopeia, cosplay guest & pro engineer, to learn various types of 3D modeling, designing for printing/assembly, outsourcing if you don’t have a printer, & a step-by-step modeling demo!"
228,7/21/2023,8:30 PM,9:30 PM,3D-Print Finishing... like a Pro!,Panel 9 (Cosplay),Cosplay,MelPool,"Learn how to prep and paint 3D-printed props such as helmets and swords! Topics include gluing, sanding, filling in gaps, sanding, priming, sanding, painting, and sanding. Did I mention sanding?"
230,7/21/2023,10:00 PM,11:00 PM,Law and Cosplay,Panel 9 (Cosplay),Cosplay,Bee (@law_of_cosplay),"Hi there! My name is Bee, and I am currently a 1L in law school! I'm also an avid anime fan and cosplayer! Come discuss time management, law school strategies, professionalism, and how to work in a very formal profession while still being true to yourself."
232,7/21/2023,5:00 PM,5:30 PM,Rin Cosplay Performance,Panel 2,Panel,Rin,"Get ready for showtime, its Rin. She will be doing a short 30 minute Lip Sync Cosplay Performance to hype you up!"
236,7/21/2023,10:00 AM,2:00 PM,YuGiOh Advanced Format 32 Player Cap,YuGiOh,CCG,Tekko Staff,32 Player Advanced Format
237,7/21/2023,2:00 PM,6:00 PM,Advanced Format $10 Enty 32 Player Cap,YuGiOh,CCG,Tekko Staff,$10 Entry Fee Advanced 32 Player Cap
238,7/21/2023,6:00 PM,10:30 PM,Advanced Formal Player 32 Player Cap ,YuGiOh,CCG,Tekko Staff,Formal Advanced 32 Player Cap
239,7/21/2023,10:00 AM,11:00 PM,8 Man Drafts Available ALL DAY $15 Entry Fee,Magic,CCG,Tekko Staff,ALL DAY 8-man drafts
240,7/21/2023,10:30 AM,2:30 PM,Pioneer 32 Player Cap,Magic,CCG,Tekko Staff,
241,7/21/2023,2:30 PM,6:30 PM,Commander $10 Entry FEE No Player Cap,Magic,CCG,Tekko Staff,
242,7/21/2023,6:30 PM,11:00 PM,Lord of the Rings Sealed Pre-Release Kit $35 Entry Fee 32 Player Cap,Magic,CCG,Tekko Staff,
243,7/21/2023,11:00 AM,3:00 PM,Standard 32 Player Cap,Pokemon,CCG,Tekko Staff,
244,7/21/2023,3:00 PM,7:00 PM,Build-n-Battle Sealed $25 Entry Fee 16 Player Cap,Pokemon,CCG,Tekko Staff,
245,7/21/2023,7:00 PM,11:30 PM,Build-n-Battle Sealed $25 Entry Fee 16 Player Cap,Pokemon,CCG,Tekko Staff,
246,7/21/2023,11:30 AM,3:30 PM,Standard 16 Player Cap,Weiss Scwarz,CCG,Tekko Staff,
248,7/21/2023,3:30 PM,7:30 PM,Trial Deck Tournament $15 Entry Fee 16 Player Cap,Weiss Scwarz,CCG,Tekko Staff,
249,7/21/2023,12:00 PM,4:00 PM,Standard (Over Dress) 16 Player Cap,Cardfight! Vanguard,CCG,Tekko Staff,
250,7/21/2023,12:30 PM,5:00 PM,Advanced Format 16 Player Cap,Dragon Ball Super CCG,CCG,Tekko Staff,
252,7/21/2023,5:30 PM,9:30 PM,V-Premium $10 Entry Free 16 Player Cap,Cardfight! Vanguard,CCG,Tekko Staff,
253,7/21/2023,1:00 PM,5:30 PM,Advanced Format 16 Player Cap,Digimon CCG,CCG,Tekko Staff,
254,7/21/2023,6:00 PM,10:00 PM,Draft $15 Entry Fee 16 Player Cap,Digimon CCG,CCG,Tekko Staff,
255,7/21/2023,1:30 PM,6:00 PM,Standard 16 Player Cap,The One Piece,CCG,Tekko Staff,
256,7/21/2023,2:00 PM,6:30 PM,Structure Deck Tournament $15 Entry Fee 16 Player Cap,Battle Spirits Saga,CCG,Tekko Staff,
257,7/21/2023,11:30 AM,12:30 PM,Tekko Ribbon Game,Meet Ups,Meetups,Tekko Staff,
258,7/21/2023,11:00 AM,12:00 PM,Mogra Q&A,Gameshows! (Panel 3),Musical Guests,Mogra,
259,7/21/2023,1:00 PM,3:00 PM,Play to Win! (Abandon All Artichokes!),Board Game Booth,Boardgame,Tekko Staff,Learn to play one of our featured tabletop games! Then participate in a casual tournement for a chance to win a copy of the game!
260,7/21/2023,5:00 PM,7:00 PM,Play to Win! (Smash Up!),Board Game Booth,Boardgame,Tekko Staff,Learn to play one of our featured tabletop games! Then participate in a casual tournement for a chance to win a copy of the game!
261,7/21/2023,8:00 PM,9:00 PM,Play to Win! (Guild of Merchant Explorers!),Board Game Booth,Boardgame,Tekko Staff,Learn to play one of our featured tabletop games! Then participate in a casual tournement for a chance to win a copy of the game!
263,7/21/2023,11:00 AM,12:30 PM,Den-noh Coil,Video 1,N/A,Tekko Staff,(Rated TV-Y7)
264,7/21/2023,12:30 PM,2:30 PM,Drifting Home,Video 1,N/A,Tekko Staff,(Rated PG)
265,7/21/2023,2:30 PM,4:00 PM,Godzilla: Planet of the Monsters,Video 1,N/A,Tekko Staff,(Rated TV-14 for fear)
266,7/21/2023,4:00 PM,5:00 PM,Great Pretender (18+),Video 1,N/A,Tekko Staff,"(18+ Rating, ID required)"
267,7/21/2023,5:00 PM,6:30 PM,Tekko Bot's Choice (18+),Video 1,N/A,Tekko Staff,"It's a mystery. Come find out what Tekko Bot has been watching lately. The only one who knows is our video master, Scott. (18+ rating, ID required)"
268,7/21/2023,6:30 PM,7:30 PM,Tekko Bot's Choice,Video 1,N/A,Tekko Staff,"It's a mystery. Come find out what Tekko Bot has been watching lately. The only one who knows is our video master, Scott."
269,7/21/2023,7:30 PM,8:30 PM,Hunter x Hunter,Video 1,N/A,Tekko Staff,(Rated TV-14)
270,7/21/2023,8:30 PM,9:30 PM,Kotaro Lives Alone,Video 1,N/A,Tekko Staff,(Rated TV-14)
271,7/21/2023,9:30 PM,11:00 PM,Violet Evergard: Recollections,Video 1,N/A,Tekko Staff,(Rated TV-14)
272,7/21/2023,11:00 AM,12:00 PM,Pokemon,Video 2,N/A,Tekko Staff,(Rated TV-Y7)
273,7/21/2023,12:00 PM,1:00 PM,Bee and PuppyCat,Video 2,N/A,Tekko Staff,(Rated TV-PG)
274,7/21/2023,1:00 PM,2:00 PM,Aggretsuko,Video 2,N/A,Tekko Staff,(Rated TV-14)
275,7/21/2023,2:00 PM,3:00 PM,"Ronja, the Robber's Daughter",Video 2,N/A,Tekko Staff,(Rated 7+)
277,7/21/2023,3:00 PM,4:00 PM,Dino Girl Gauko,Video 2,N/A,Tekko Staff,(Rated TV-Y7)
278,7/21/2023,4:00 PM,5:00 PM,After the Rain,Video 2,N/A,Tekko Staff,(Rated TV-14)
280,7/21/2023,5:00 PM,6:00 PM,A Flying Princess and a Secret Island,Video 2,N/A,Tekko Staff,G
281,7/21/2023,6:00 PM,7:30 PM,Princess Tutu,Video 2,N/A,Tekko Staff,(Rated TV-14)
282,7/21/2023,7:30 PM,9:00 PM,Bastard!,Video 2,N/A,Tekko Staff,"(18+ Rating, ID required)"
283,7/21/2023,9:00 PM,10:00 PM,Demon City Shinjuku,Video 2,N/A,Tekko Staff,"(18+ Rating, ID required)"
284,7/21/2023,10:00 PM,11:00 PM,Yakitori: Soldiers of Misfortune,Video 2,N/A,Tekko Staff,"(18+ Rating, ID required)"
285,7/22/2023,6:00 PM,7:00 PM,Tekko Bot's Choice (18+),Video 1,N/A,Tekko Staff,"It's a mystery. Come find out what Tekko Bot has been watching lately. The only one who knows is our video master, Scott."
286,7/22/2023,7:00 PM,8:00 PM,Goku Midnight Eye,Video 1,N/A,Tekko Staff,"(18+ Rating, ID required)"
287,7/22/2023,8:00 PM,9:00 PM,Goku Midnight Eye II,Video 1,N/A,Tekko Staff,"(18+ Rating, ID required)"
288,7/22/2023,9:00 PM,11:00 PM,Black Clover: Sword of the Wizard King,Video 1,N/A,Tekko Staff,(Rated TV-14)
290,7/22/2023,11:00 PM,12:00 AM,My Happy Marriage,Video 1,N/A,Tekko Staff,(Rated TV-14)
292,7/22/2023,11:00 AM,12:00 PM,Pokemon: The Arceus Chronicles,Video 2,N/A,Tekko Staff,(Rated TV-Y7)
294,7/22/2023,12:00 PM,1:00 PM,Chii's Sweet Adventure,Video 2,N/A,Tekko Staff,(All ages)
295,7/22/2023,1:00 PM,2:00 PM,Romantic Killer,Video 2,N/A,Tekko Staff,(Rated TV-14)
297,7/22/2023,2:00 PM,4:00 PM,One Piece: Strong World,Video 2,N/A,Tekko Staff,(Rated TV-PG)
299,7/22/2023,5:30 PM,8:30 PM,Tekko Bot's Choice,Video 2,N/A,Tekko Staff,"It's a mystery. Come find out what Tekko Bot has been watching lately. The only one who knows is our video master, Scott."
301,7/22/2023,8:30 PM,9:30 PM,KenIchi: the Mightiest Disciple,Video 2,N/A,Tekko Staff,(Rated 13+)
302,7/22/2023,11:00 PM,12:00 AM,BNA,Video 2,N/A,Tekko Staff,(Rated TV-14)
303,7/22/2023,9:00 PM,10:30 AM,LUPIN THE 3rd vs. CAT’S EYE,Video 2,N/A,Tekko Staff,(Rated 13+)
306,7/22/2023,4:00 PM,5:30 PM,Little Nemo: Adventures in Slumberland,Video 2,N/A,Tekko Staff,(Rated G)
308,7/22/2023,6:00 PM,7:00 PM,Kendo Demo and Lesson,Formal Ballroom,Industry Guests,Pittsburgh Swordfighters,"If you’ve heard of Miyamoto Musashi, a warrior hailed as the greatest samurai swordsman, then you are familiar with what kendo teaches.

Want to learn directly from PSF instructors? Be sure to complete this form: https://forms.gle/sQx8z1MA5xnbnetM7

Ten slots are available to those who apply on a first come, first serve basis for this no contact class. Spectators are welcome."
309,7/22/2023,5:30 PM,6:30 PM,Let's Get it Started with Torbjorn! w/ Keith Silverstein,Panel 1,Voice Actor Guests,Keith Silverstein,
310,7/21/2023,12:00 PM,1:00 PM,The Hell of It,Tekko Gakkou,Industry Guests,Charles Dunbar,"ou close your eyes, breathe your last... and then what? Where does one go after they die? Well in Japan...that can get complicated. This panel focuses on death mythology and storytelling: from the fiery pits of the Jigoku to the corrupted realms of the yomi, even unto the paradise of the Pure Lands or the family kami, the various worlds and denizens of the ""other"" will be explored for those with a strong heart, compassion, and a thirst to know what lies beyond"
311,7/22/2023,3:00 PM,4:00 PM,Rip-Roaring Heart-Pounding Action AMVS,AMV,AMV,Tekko Staff,The title says it all - it's an Action AMV overdose!
312,7/22/2023,12:00 PM,2:00 PM,Tekko Karaoke,Panel 2,Karaoke,Tekko Staff,
313,7/22/2023,10:00 AM,11:00 AM,Cuteness Overload!,AMV,AMV,Tekko Staff,"These AMVs are cute, cuddly, and wuwu, ready to share their sugary-sweetness with all of you!"
315,7/22/2023,11:00 AM,12:00 PM,War ... War Never Changes™,AMV,AMV,Tekko Staff,"This is the end, my friend, of all things."
317,7/22/2023,12:00 PM,1:00 PM,AMV 102: Bluray Edition,AMV,Panel,Tekko Staff,"While AMV 101 gave our audience a good start of the fundamentals, we will now dig deep into the various terminology of the industry.  From examining Aspect Ratio to the various shades of High Definition, our staff will arm you with what you need to elevate beyond the basics!"
318,7/22/2023,1:00 PM,3:00 PM,Tekko 2023 AMV Contest,AMV,Main Event,Tekko Staff,Our annual AMV Contest returns for another year!  Come join us as we put on the latest AMVs for our audience to enjoy and vote on the best!
319,7/22/2023,10:00 AM,11:00 AM,Tekko Idolfest! - REHEARSAL,Stage Uzume,Dance/Music,Tekko Staff,Rehearsal for Tekko Idolfest performers! Stage Uzume is closed during this time.
320,7/22/2023,1:00 PM,2:30 PM,Tekko Idolfest!,Stage Uzume,Dance/Music,Tekko Staff,"Bring your penlights and your loudest cheering voice! Tekko's premiere idol and kpop cover events are BACK under one event in the Tekko Idolfest!  Eight performing acts will take the stage as jpop, idol anisong, kpop, and other genres combine on Stage Uzume! Please come support these wonderful idols, talents, and performers as we bring back this event with a bang!"
321,7/22/2023,4:00 PM,5:00 PM,"Free Source, and How To Use It",AMV,Panel,Tekko Staff,"So, you have an AMV idea, but want to find some free sources that you can use to fit your ends?"
322,7/22/2023,5:00 PM,6:00 PM,AMVs Can Be So Dramatic,AMV,AMV,Tekko Staff,Join us for some Drama videos that tend to blend a lot of different genres into something that will bring the emotion!
323,7/22/2023,6:00 PM,7:00 PM,Club AMV,AMV,AMV,Tekko Staff,Come in and (armchair) dance to some dance AMVs.
324,7/22/2023,1:00 PM,2:00 PM,Pokemon Playtime,Chibi,Panel,Tekko Staff,Come ready to hear a fun story about cosplay and conventions! Be ready to show and tell your amazing outfit and try some practice poses for the camera. Kids age 12 & under and their families welcome.
325,7/22/2023,5:00 PM,6:00 PM,Origami Workshop (Ages 12 & under),Chibi,Panel,Genkage,"This is a panel for those who have never tried Origami (The Japanese art of folding paper) before, but were always curious.  Origami paper will be provided. Kids age 12 & under and their families welcome."
326,7/22/2023,6:00 PM,8:00 PM,E-For Everyone (All ages),Chibi,Panel,Tekko Staff,"Rated E-For Everyone, stop by Chibi to see what fun assortment of crafts and activities we have for the young and young at heart! All ages welcome. "
327,7/22/2023,6:00 PM,8:00 PM,Model Kit Room Open: Pick up your kits!,Model Competition,N/A,Tekko Staff,Room is open to view kits that remain on display. REMEMBER TO PICK UP KITS IF YOU DROPPED THEM OFF.
328,7/22/2023,11:00 AM,11:30 AM,Hunter x Hunter Photo Meet-Up,Photospot A,Photoshoot,N/A,"Whether you’re trying to get your Hunter License, or a part of the Phantom Troop, come hang out and have fun with other HunterxHunter fans!"
329,7/22/2023,11:00 AM,12:00 PM,Undertale/Deltarune Photo Meet-Up,Photospot E,Photoshoot,N/A,Cosplayers and fellow fans will be filled with determination at the Undertale/Deltarune meet up!
330,7/22/2023,11:00 AM,12:00 PM,Genshin Impact Photo Meet-Up,Photospot B,Photoshoot,N/A,"Whether you’re a cosplayer, the traveler, or just a fan all are welcome to the Genshin Impact meet-up."
331,7/22/2023,12:00 PM,1:00 PM,Hazbin Hotel/ Helluva Boss Photo Meet-Up,Photospot D,Photoshoot,N/A,Photoshoot for any Hazbin hotel or Helluva Boss characters!
332,7/22/2023,12:00 PM,12:15 PM,MoistCr1TiKaL Photo Meet-Up,Photospot C,Photoshoot,N/A,Attention all Charlie Clones we need to come and meet up for one big moist meetup.
333,7/22/2023,12:15 PM,1:00 PM,Super Smash Bros Photo Meet-Up,Photospot B,Photoshoot,N/A,“Photo meet up approaching!” A fan of Super Smash Bros or any game series in the game. This will be an exciting meet up for you!
334,7/22/2023,12:30 PM,1:00 PM,Project Sekai/Colorful Stage Photo Meet-Up,Photospot E,Photoshoot,N/A,Come meet new friends from Sekai at the Colorful Stage cosplay meetup!
335,7/22/2023,1:00 PM,1:45 PM,Fairy Tail Photo Meet-Up,Photospot B,Photoshoot,N/A,Fellow Fairy Tail cosplayers join the guild at the Fairy Tail meet-up grab some photos and make new friends!
336,7/22/2023,1:00 PM,1:30 PM,Vocaloid & Virtual Singers Photo Meet-Up,Photospot E,Photoshoot,N/A,Tekkoloid is a Group of Vocaloid and Virtual Singer Fans in Southwestern Pennsylvania. This group plans a Meet-Up every year at Tekko!
337,7/22/2023,1:00 PM,1:30 PM,Phasmophobia Photo Meet-Up,Photospot C,Photoshoot,N/A,"Any fellow ghost hunters are encouraged to join! We'll be ready for whatever spooky person comes our way with EMFs, Flashlights, Cameras, etc!"
338,7/22/2023,1:00 PM,1:30 PM,Sailor Moon Photo Meet-Up,Photospot D,Photoshoot,N/A,No matter if your a fellow fan or cosplayer come meet take pictures and sparkle at our meet up!
339,7/22/2023,1:30 PM,2:00 PM,OMORI Photo Meet-Up,Photospot E,Photoshoot,N/A,Come and enjoy the photomeet! All it costs is your love!
340,7/22/2023,1:45 PM,2:15 PM,Twisted Wonderland Photo Meet-Up,Photospot D,Photoshoot,N/A,Enrolled at Night Raven College? Have a “villainous heart”? Join us for this photo meet.
341,7/22/2023,2:00 PM,3:00 PM,JoJo’s Bizarre Adventure Photo Meet-Up,Photospot A,Photoshoot,N/A,Are you a JJBA Cosplayer or fan? Come one come all to the meetup! Meet fellow Jojo fans and enjoy a photomeetup with all your favorite characters!
342,7/22/2023,2:00 PM,2:30 PM,Overwatch Photo Meet-Up,Photospot E,Photoshoot,N/A,"Rally the Heroes, Summon the Talon Troops! Background-characters welcome too! A Meetup for all Overwatch-related characters meeting here!"
343,7/22/2023,2:00 PM,3:00 PM,Studio Ghibli Photo Meet-Up,Photospot C,Photoshoot,N/A,"The love affair with Miku, Luka, the Kagamine twins, and the rest of the digital idols is never really over.  Come represent your favorite and share your love for VOCALOID!"
344,7/22/2023,2:00 PM,3:00 PM,My Hero Academia  Photo Meet-Up,Photospot B,Photoshoot,N/A,Join us as we go Plus Ultra! All fans are welcome!
345,7/22/2023,5:00 PM,6:00 PM,Chainsaw Man Photo Meet-Up,Photospot D,Photoshoot,N/A,You a Devil? Or a Devil hunter? Show off you Chainsaw Man Cosplay for all to see!
346,7/22/2023,5:00 PM,5:30 PM,Fullmetal Alchemist Photo Meet-Up,Photospot C,Photoshoot,N/A,Miss Fullmetal Alchemist? Come relive your favorite anime in real life!
347,7/22/2023,5:00 PM,5:30 PM,Fire Emblem Photo Meet-Up,Photospot E,Photoshoot,N/A,It's a photo shoot for Fire Emblem fans and cosplayers. All are welcome so bring you and your army down to get some photos and chat with fans of the series.
348,7/22/2023,5:30 PM,6:00 PM,Stranger Things Photo Meet-Up,Photospot E,Photoshoot,N/A,Any Stranger Things fans or Cosplayers welcome!
349,7/22/2023,5:30 PM,6:30 PM,Danganronpa Photo Meet-Up,Photospot B,Photoshoot,N/A,Come join the rest of your fellow Hope's Peak Academy classmates for some despair inducing photographs! Cosplayer or fan in general; all are welcome!
350,7/22/2023,5:30 PM,6:30 PM,Critical Role Photo Meet-Up,Photospot C,Photoshoot,N/A,Critters and Cosplayers are welcome at the Critical Role photoshoot.
351,7/22/2023,6:00 PM,6:45 PM,The Owl House Photo Meet-Up,Photospot E,Photoshoot,N/A,Hoot hoot! Time for humans and witches to gather round to take some photos and have a good time!
352,7/22/2023,6:00 PM,7:00 PM,Attack on Titan Photo Meet-Up,Photospot D,Photoshoot,N/A,Join us for a titan sized meet-up for Attack On Titan.
353,7/22/2023,6:30 PM,7:00 PM,Destiny Photo Meet-Up,Photospot C,Photoshoot,N/A,"Cosplayers and/or Guardians of the Light and Darkness, come together and spread joy at the Destiny meet up!"
354,7/22/2023,6:30 PM,7:30 PM,Marvel/DC Photo Meet-Up,Photospot B,Photoshoot,N/A,"Avengers (and Justice League)...assemble! Heroes, villains and everyone in-between are invited to this meet-up!"
355,7/22/2023,6:30 PM,7:15 PM,Pokemon Photo Meet-Up,Photospot A,Photoshoot,N/A,"Calling all Pokemon cosplayers and fans, whether you’re a trainer or a pocket monster, come to the Pokemon meet-up!"
356,7/22/2023,7:00 PM,8:00 PM,Naruto/Boruto Photo Meet-Up,Photospot D,Photoshoot,N/A,"Calling all ninjas - it's that time of year again to meet up and get some photos of your awesome cosplay!! You can be anyone from the Naruto or Boruto series.  If you don't cosplay and are still a fan of the series, you are still more than welcome to come and hang during the duration of the shoot. Can't wait to see everyone again!"
357,7/22/2023,7:00 PM,8:00 PM,Dragon Age Photo Meet-Up,Photospot E,Photoshoot,N/A,Create your own story at the Dragon Age Meet Up!
358,7/22/2023,11:30 AM,2:30 PM,Masquerade Rehearsal,Main Stage,Main Event,Tekko Staff,
359,7/22/2023,2:30 PM,3:00 PM,Masquerade Seating,Main Stage,Non Event Spacer,Tekko Staff,
361,7/22/2023,3:00 PM,6:30 PM,Masquerade,Main Stage,Main Event,Tekko Staff,
362,7/22/2023,6:30 PM,7:30 PM,Closed for Concert Setup,Main Stage,Non Event Spacer,Tekko Staff,
363,7/22/2023,7:30 PM,9:30 PM,Burnout Syndromes,Main Stage,Main Event,Burnout Syndromes,
364,7/22/2023,9:30 PM,10:00 PM,Room Clear,Main Stage,Non Event Spacer,Tekko Staff,
365,7/22/2023,10:00 PM,2:00 AM,Tekko Dance Party,Main Stage,Main Event,Various Guests,
366,7/22/2023,1:00 PM,2:00 PM,Demon Slayer w/ Brandon McInnis,Panel 1,Voice Actor Guests,Brandon McInnis,
367,7/22/2023,2:30 PM,3:30 PM,Waking Up in Another World w/ Kayli Mills,Panel 1,Voice Actor Guests,Various Guests,
368,7/22/2023,4:00 PM,5:00 PM,Black Clover Q&A w/ J. Michael Tatum,Panel 1,Voice Actor Guests,Various Guests,
369,7/22/2023,7:00 PM,8:00 PM,Ani-Madlibs w/ Khoi Dao & Laura Stahl,Panel 1,Voice Actor Guests,Various Guests,
370,7/22/2023,9:00 PM,10:00 PM,Room Closed for Drag Show Setup,Panel 1,Non Event Spacer,Lip Sync for Your Extra Life! Charity Drag Show,Room is closed to you! We are busy. 
371,7/22/2023,10:00 PM,11:30 PM,Lip Sync for your Extra Life! Charity Drag Show 18+,Panel 1,Main Event,Lip Sync for Your Extra Life! Charity Drag Show,
372,7/22/2023,10:30 AM,11:30 AM,Meta Q&A,Panel 2,Industry Guests,Meta,
373,7/22/2023,12:00 AM,2:00 AM,Kawaiipocalypse Karaoke,Panel 2,Karaoke,Tekko Staff,It's Kawaii! It's Apocalypse! It's time for Kawaiipocalypse Karaoke
374,7/22/2023,2:30 PM,3:30 PM,Caleb Hyles & Jonathan Young Q&A,Panel 2,Musical Guests,Caleb Hyles & Jonathan Young,
375,7/22/2023,4:00 PM,5:00 PM,"Aria of the Soul: Persona, Mythology, Psychology, and You",Panel 2,Industry Guests,Charles Dunbar,
376,7/22/2023,5:30 PM,6:30 PM,Meta Q&A,Panel 2,Industry Guests,Meta,
377,7/22/2023,7:00 PM,8:00 PM,Songs on the Spot w/ Nancy Kepner,Panel 2,Industry Guests,Nancy Kepner,
378,7/22/2023,10:00 AM,11:00 AM,Tekko Today Live,Hall Stage,Main Event,Aaron Fristik ,
379,7/22/2023,11:30 AM,12:30 PM,My Hero Academia Most Likely To?,Hall Stage,Gameshow/Game,Falling Star Pro,"""My Hero Academia - Most Likely To?"" is an interactive experience where you get to express which character you believe would do something, simply by stepping to one side of the room. For example, ""Which character do you think is most likely to bring a stray squrrel into the dorms and keep it as a pet?"" or ""Which character is most likely to find themselves accidentally in a League of Villians Discord?"". The character options will be on the screen and participants will move in one direction or the other to support their character. See what others have to say and make connections with like minded individuals, plus it's just fun!"
382,7/22/2023,1:00 PM,2:00 PM,Fashion Showcase,Hall Stage,Fashion,Various Guests,
383,7/22/2023,3:00 PM,4:00 PM,Anime Would You Rather The Sequel,Hall Stage,Gameshow/Game,Falling Star Pro,"Tekko 2022, Falling Star Pro brought you: Anime Would You Rather, now join us again for Anime Would you Rather - The Sequel! Anime Would You Rather is an interactive experience where you get to express which you would rather simply by stepping to one side of the room. Would you rather eat a piece of All Might's Hair or Sakuna's fingers? Would you rather live in the slums or become an Edge Runner? Different questions, same hosts, see what others have to say and make connections with like minded individuals, plus it's just fun! "
384,7/22/2023,4:00 PM,5:00 PM,Nancy Kepner Live!,Hall Stage,Industry Guests,Nancy Kepner,
385,7/22/2023,5:30 PM,6:30 PM,Tekko Tonight Live,Hall Stage,Main Event,Aaron Fristik ,
386,7/22/2023,6:30 PM,8:00 PM,Tekko Auction (CANCELLED),Hall Stage,Main Event,Tekko Staff,
387,7/22/2023,9:00 PM,10:00 PM,Tekko Late Night Live! w/ Khoi Dao & Laura Stahl,Hall Stage,Main Event,Various Guests,
388,7/22/2023,7:30 PM,8:30 PM,The ABC's of BDSM in Hentai,Panel 7 (18+),18+,Otaku Mocha,Come join us for a fun and eventful discussion on the use of some kinks and BDSM in hentai.  
389,7/22/2023,11:30 AM,12:30 PM,Open Stage - Performer Priority,Stage Uzume,Dance/Music,Tekko Staff,"Do you want to show off any dancing, music, or whatever you like performing for passersby? Come stop by Stage Uzume and hop on up!  Anyone is welcome, but priority will be given for music/non-dance performers!

(You are responsible for bringing your own equipment.)"
390,7/22/2023,12:30 PM,1:00 PM,STAGE UZUME CLOSED,Stage Uzume,Non Event Spacer,Tekko Staff,
390,7/22/2023,2:30 PM,3:30 PM,Idolfest! Meet and Greet,Stage Uzume,Dance/Music,Tekko Staff,
390,7/22/2023,3:30 PM,3:45 PM,Attendee Performance (Serenalis),Stage Uzume,Dance/Music,Tekko Staff,
391,7/22/2023,4:30 PM,5:30 PM,Open Stage - Dance Priority,Stage Uzume,Dance/Music,Tekko Staff,"Do you want to show off any dancing, music, or whatever you like performing for passersby? Come stop by Stage Uzume and hop on up!  Anyone is welcome, but priority will be given for dancers!

(You are responsible for bringing your own equipment.)"
392,7/22/2023,6:00 PM,8:30 PM,Dance Gathering Meetup,Stage Uzume,Dance/Music,Tekko Staff,
393,7/22/2023,9:00 PM,10:30 PM,BTS Dance Party (ft. imyoonotyou),Stage Uzume,Dance/Music,Tekko Staff,
394,7/22/2023,10:30 PM,12:00 AM,Random Dance Play,Stage Uzume,Dance/Music,Tekko Staff,
394,7/22/2023,12:00 AM,1:30 AM,Jpop Chill Hours,Stage Uzume,Dance/Music,Tekko Staff,
395,7/22/2023,12:00 PM,1:00 PM,Fitness & Anime - Using Anime as Motivation for Your Own Health Goals,Tekko Gakkou,Gakkou Panel,Abby Kirschler,Ever gotten fired up to work out after watching an anime character's training montage? Come learn how you can begin your own training arc from a certified personal trainer! 
396,7/22/2023,8:30 PM,9:30 PM,The Danganronpa Class Trial at Tekko 23',Gameshows! (Panel 3),Gameshow/Game,N/A,"All Rise! The fight between Hope and Despair has come to Tekko 2023! One of your fellow attendees has been murdered, and it's up to you to figure out who the ""Blackened"" is. Search for the truth bullets throughout the con that will lead you to the truth. Then, join your favorite characters across the Danganronpa franchise as they debate to find out who among them has been found guilty. Discover all of the clues, and you may have an opportunity to come up and join the debate yourself! Hope; Despair. Which side will win? Join us to find out!"
397,7/22/2023,12:00 PM,1:00 PM,Anime Family Feud,Gameshows! (Panel 3),Gameshow/Game,TheOutbackAl,"It's the game you all know and love with an anime twist. Come join us for clashing contestants, fabulous prizes, and a somewhat tolerable host at Anime Family Feud. Two teams enter, one team leaves… with prizes."
398,7/22/2023,10:30 AM,11:30 AM,Short and Sweet: The Appeal of Short Anime,Panel 8,Panel,Adam Rish,"Do you want to watch some anime, but are limited on time or cannot commit to a multi-hour binge? Allow me to recommend short anime, with episodes less than 10 minutes and seasons less than an hour."
399,7/22/2023,2:00 PM,3:30 PM,WTF Japan?!  (18+),Panel 7 (18+),18+,Punny Panels,"Japan is full of foods, ads, movies and more that may seem unusual here in America. Punny Panels is ready to blow your mind with these out of this world (and sometimes 18+) Japanese products."
400,7/22/2023,3:30 PM,4:30 PM,Armor Academy: Samurai Armor,Panel 6 (Workshops),Workshop,Alyxe Khei,"In this panel, we’ll teach the basics of “Kusari” – a Japanese style of armor similar to European chainmail, and leave you with a small piece crafted by your own hands. Their will be a 15 dollar materials fee to participate, but any are welcome to watch."
401,7/22/2023,4:30 PM,5:30 PM,Armor Academy: Leather,Panel 6 (Workshops),Workshop,Alyxe Khei,"In this panel, we will teach you the basics of how to make leather armor, and leave you with a custom leather bracer made by your own hands. There will be a 25 dollar materials fee, but any are welcome to watch."
402,7/22/2023,2:30 PM,3:30 PM,Armor Academy: Plate Armor,Panel 6 (Workshops),Workshop,Alyxe Khei,"In this panel, we will teach you how to make your own plate armor, and leave you with a bracer literally forged by your own hands. There will be a 25 dollar materials fee to participate, but any may observe for free."
403,7/22/2023,1:30 PM,2:30 PM,"I'm A Disney Adult, and that's Okay!",Panel 4,Panel,Darling NerdDoll ,"Come discuss all things Disney in this fun, open forum. I'll share some of my memories and then welcome you all to share yours. While this is geared towards adults, children are welcome. Bring stories or questions, and we'll provide a little pixie dust for your day!"
405,7/22/2023,10:30 AM,11:30 AM,Cultism In Japan,Tekko Gakkou,Gakkou Panel,Black Hole Production,"Why are cults prevalent in Japan? We will look at cults from anime, film and actual cults in Japan while reviewing history, and socio-economic changes that may have caused cultism to flourish.  "
407,7/22/2023,9:30 PM,10:30 PM,Lolita (on a Budget),Panel 8,Fashion,Bryce Volk,Interested in Lolita Fashion but put off by the price? Learn where to find cute pieces that don’t break the bank. 
408,7/22/2023,12:00 PM,1:00 PM,"A Kpop Discussion: Underrated Artists,News, and Events",Panel 4,Panel,thekfocus,"Here is where you can discuss all things Kpop! As a Kpop fan, the owner of thekfocus a new YouTube channel, hopes to share her passion and love for East Asian culture and Kpop with the world. It's casual, so feel free to chime in whenever you'd like!"
410,7/22/2023,7:30 PM,8:30 PM,Rate My Husbando #3,Panel 4,Gameshow/Game,Kawaii Neko Productions,"Who is best husbando? Luffy or Zorro? Goku or Vegeta? Levi or Eren? Come defend your man in an interactive debate panel where YOU decide who is the sexiest man in anime! Arrive early to sign up, there will be prizes for everyone who debates!"
411,7/22/2023,12:00 PM,2:00 PM,Anime Bingo w/ Fuzion Games,Panel 6 (Workshops),Gameshow/Game,Fuzion Games,Bingo with a twist! Combine your bingo luck with anime trivia! Bring some friends and win some prizes!
414,7/22/2023,10:00 PM,11:00 PM,Anime Wheel of Fortune w/ Fuzion Games,Gameshows! (Panel 3),Gameshow/Game,Fuzion Games,"The classic game show comes to Tekko! Three contestants will compete head-to-head to see who can solve our anime related puzzles first! The more points they earn, the more EXP they receive to trade in for prizes!"
415,7/22/2023,10:30 AM,11:30 AM,"Um, Actually... w/ Fuzion Games",Gameshows! (Panel 3),Gameshow/Game,Fuzion Games,The Youtube gameshow comes to Tekko! Three contestants face of in a battle of knowledge as they buzz in to correct false statements about nerd culture. The only gameshow where you actually want to be THAT guy. Come join us as our contestants and audience earn EXP to exchange for prizes!
416,7/22/2023,7:00 PM,8:00 PM,KPOP TRIVIA!,Gameshows! (Panel 3),Gameshow/Game,Colleen,Come test your knowledge on all things Kpop in this trivia game panel!
417,7/22/2023,3:00 PM,4:00 PM,Your Faves Need Therapy (Again): AI: The Somnium Files,Tekko Gakkou,Gakkou Panel,Cosplayer Survivor Support Network,(Suggested age 13+) CSSN is back with more psychology-based examinations of your faves from the Somnium Files series—now with nirvanA Initiative! Spoilers warned. For entertainment/education purposes only. Psync with us!
430,7/22/2023,7:30 PM,9:30 PM,Do Your Choices Matter?,Tekko Gakkou,Gakkou Panel,Cosplayer Survivor Support Network,Interactive fiction has a rich history and modern media purports to make you the master of the characters’ destinies. But are you really directing the action or just following a path laid out for you?
431,7/22/2023,11:30 AM,12:30 PM,Trickssi: 10 Years of “Cosplay Is Not Consent”,Panel 9 (Cosplay),Cosplay,Cosplayer Survivor Support Network,"The phrase has been around for 10 years, but how has it actually impacted our community, if at all? Cosplayer Survivor Support Network founders, Tekko’s own Feytaline & Trickssi, share their insights."
432,7/22/2023,12:30 PM,1:30 PM,Dropping the Subtitles: How to Learn Japanese,Panel 5,Gakkou Panel,Corral Summer,Tired of relying on subtitles? This panel will reveal the secrets to how you can learn Japanese and enjoy your favorite anime in it's native language
433,7/22/2023,9:00 PM,11:30 PM,Littlekuriboh is God: The 18+ Musical,Panel 7 (18+),Panel,Sassy Curry,Calling all Littlekuriboh fans! Join us for the ultimate Yu-gi-oh the Abridged Series sing-along event. Sing your heart out to the hilarious musical medley brought to you by your favorite Internet abridger.
434,7/22/2023,6:00 PM,7:00 PM,Paradise and Other Kisses – Manga for Women,Panel 4,Panel,Cynthia Crise,"Office ladies, vampires, and human pets.  Fashion, food, music, and theater.  Crocodiles and jellyfish.  Women in a downward spiral and women finding their way back up.  If you know Chihayafuru, Paradise Kiss, and Kids on the Slope, you already know josei.  Funny, sexy, smart, josei manga is comics for women."
436,7/22/2023,12:30 PM,1:30 PM,Kawaii Yaoi Kisses,Panel 7 (18+),Panel,Cynthia Crise,"Are you yaoi curious?  Have you ever wondered what this ""yowie"" stuff is all about but been afraid to ask?  This year, Yaoi Kisses will explore the cute and tender side of boys' love.  No need to fear, as you dip a cautious toe (or other part) into the yaoi stream, we will be gentle.  Plus hot guys kissing.  18+"
437,7/22/2023,4:30 PM,5:30 PM,Do a barrel roll! A Star Fox 30th anniversary celebration.,Panel 4,Panel,Ghostpepper,"Nintendo's high flying franchise Star Fox turns 30 this year!  Let's talk the origins of this original Japan/U.K collaboration how it's evolved, and more importantly, you'll be showing off your flying and shooting skills as you play some of the games' highlights and obscure entries."
438,7/22/2023,8:00 PM,9:00 PM,Living and Working in Japan,Panel 5,Gakkou Panel,Dan and Marina,"If you've ever dreamed of working in a country with functional public transit and healthcare, you probably have questions about how that works. Come get the answers from a couple that did that for 3 years."
439,7/22/2023,4:30 PM,5:30 PM,Midwestern Idol Union Meetup,Meet Ups,N/A,Decebal Constantin,"Do you love idols, from Love Live to Idolish7 to original idols? Come meet idols from all across the Midwest, at the Midwestern Idol Union Meetup!"
440,7/22/2023,5:30 PM,6:30 PM,The Kitty Connection: Loving the Hello Kitty Lifestyle,Gameshows! (Panel 3),Panel,Hillary and Eric,"Can I see Hello Kitty no matter where I am at home? Is it wrong to eat food shaped like her? Am I morally conflicted about Hello Kitty toilet paper? If you've asked yourself these questions, then you're not simply a Hello Kitty fan -- you're living a lifestyle. Regardless if you know of our queen just in passing or if you can name every member of her family including her random twin sister, you are invited to an engaging discussion about the Hello Kitty lifestyle. Discussion topics include defining factors of the Hello Kitty lifestyle, distinguishing features of Hello Kitty's legion, exactly how far can one take the lifestyle (i.e. can one live entirely off of Hello Kitty merchandise), and general points of interest about Kitty (such as interesting collaborations and Hello Kitty's style over time). Opinions of many Kitty fanatics on these topics will be shared. Audience participation and smiles are encouraged."
441,7/22/2023,12:00 PM,1:00 PM,Plus Sized Lolita ,Panel 8,Fashion,Emil,Plus sized and interested in lolita but worried about the measurements in all the listings out there? We'll give an overview of how to navigate the fashion for someone plus sized and ready to jump in! 
442,7/22/2023,1:00 PM,2:00 PM,Please Use a Pattern,Panel 9 (Cosplay),Cosplay,Gretchen Lecrone,"Cosplay doesn't have to be so hard! Please use a Pattern will teach you how to read and assemble a fashion pattern, taking the guesswork out of cosplay. "
443,7/22/2023,5:00 PM,6:00 PM,"Lolita and Jfashion 101: the Hime, the Gothic, and the Gyaru",Panel 8,Fashion,Kat Stewart,Take a look at the darker side of jfashion! We'll be exploring jfashion styles that overlap with western goth fashion and looking at the back and forth influences between the regions. 
444,7/22/2023,6:00 PM,7:30 PM,Game Masters' Round Table,Panel 6 (Workshops),N/A,Jordan,"Are you a game/dungeon master with tips and strategies you've been itching to share with other TTRPG masters and players? Are you a player wanting more information about what goes on behind the screen, or even considering stepping into the GM role itself? Come join us for a round table discussion about everything game mastering! Game masters and players are welcome to an audience discussion about the trials, tribulations, and triumphs of game mastering. We'll be talking about everything from session zero planning to battle strategies for the BBEG. Questions will come from a prepared list as well as the audience itself. Bring your game mastering binder and a pen and be prepared to take your game mastering to the next level and maybe even make some friends along the way!"
446,7/22/2023,3:30 PM,4:30 PM,Japanese Political History in Popular Media,Panel 5,Gakkou Panel,Justin Whittington,"A brief examination of Japan's political history as portrayed in three popular media examples: the Pokémon franchise, FLCL, and Cowboy Bebop. Two primary issues will be tackled: Japanese colonialism and historical revisionism in Pokémon, and the impact of post-WWII US occupation on Japanese culture as evident in FLCL and Cowboy Bebop."
451,7/22/2023,6:30 PM,7:30 PM,Name that Print! (A Lolita Trivia Panel),Panel 8,Fashion,Kat Stewart,"Do you know the difference between Melty Royal Chocolate and Melty Ribbon Chocolate? Can you spot Milky Planet or Holy Lantern from a mile away? Or do you just like Jeopardy!-style panels? Then come on down for Name that Print! Where the Double Jeopardy!'s are Triple Fortune, and you can have your Honey Cake and Eat Me, Ink Me too!"
457,7/22/2023,3:30 PM,4:30 PM,The Price is Right: An EGL Trivia Game,Panel 8,Fashion,Hope ,"""Come on Down!"" say a prayer to Mana-Sama, spin the prize wheel, and test your knowledge (or luck) about the fair market value of the most popular lolita prints of all time. Contestants will be quizzed on the current trading price of popular prints on Lacemarket along with the archived original price of the item. "
458,7/22/2023,1:30 PM,2:30 PM,Addiction and Substance Use in Anime/Manga,Tekko Gakkou,Gakkou Panel,Jennifer Palmquist,"Have you ever wondered about the situations your favorite anime characters might find themselves in as it relates to addiction and substance use? This panel will explore the disease model of addiction, and substance use in particular, through discussions involving physiological and psychological processes that can take place within an individual as well as how addiction can begin. (Working description - definitely subject to change as I'm not a fan of the wording as it stands)"
459,7/22/2023,11:00 AM,12:00 PM,KimoNO or KimoYES? (It depends on what you mean),Panel 5,Gakkou Panel,Kate,A basic introduction to the different types of kimono and obi; AKA: articles of traditional Japanese clothing. Also: what ISN’T a kimono. With hands-on examples.
460,7/22/2023,4:30 PM,5:30 PM,Shounen Deconstructed,Tekko Gakkou,Gakkou Panel,Katy Scarlet,Shounen media has changed a lot over the years - or has it? Get to the bottom of what makes shounen SHOUNEN in “Shounen: Deconstructed”!
462,7/22/2023,1:30 PM,2:30 PM,Name That Tune!,Gameshows! (Panel 3),Gameshow/Game,Katy Scarlet,Can you name that tune? Recognize that artist? Put your music trivia to the test in this music themed battle!
464,7/22/2023,10:30 PM,11:30 PM,Danganronpa Roasts with Junko Enoshima (feat. special guest Makoto Naegi!),Panel 4,Panel,Bee (@law_of_cosplay),"Junko Enoshima will give her frank opinions of the entire Danganronpa cast (accompanied by powerpoint!) and will invite the audience to join her in her roasting. At the end, the floor will open up for the audience to roast Junko (But be prepared for her to retaliate!)"
465,7/22/2023,9:30 PM,10:30 PM,"Self-Publishing, Webnovels, Artist Alley, and More! Being an Indie Creator Panel",Panel 5,Gakkou Panel,LionBolt,"LionBolt is a self-published author, webnovelist, animator and youtuber who has sold his books at over a dozen artist alleys across the country. If you want to make a career out of your creativity, or just want to showcase your ideas to the world, come by for this casual conversation about being an indie creator! LionBolt is here to answer your questions on anything from writing, self-publishing, selling at artist alleys, light novels, webnovels, and freelance work."
466,7/22/2023,2:00 PM,3:00 PM,"Old Show, Current Politics: What’s the deal with Legend of the Galactic Heroes?",Panel 5,Gakkou Panel,Matt Lieb,"Let's take a closer look at the anime classic, Legend of the Galactic Heroes! We'll delve into the deep and relevant themes it covers, what it was trying to say, and what we can take away from it."
467,7/22/2023,11:00 AM,12:00 PM,Intro to Medieval Longsword,Formal Ballroom,Main Event,Pittsburgh Swordfighters,"
Pittsburgh Sword Fighter’s Longsword program is based on 14th-century manuscripts as taught by Master Johannes Liechtenauer.

Want to learn directly from PSF instructors? Be sure to complete this form: https://forms.gle/DsAMRPFc8UU9bNrx9

Ten slots are available to those who apply on a first come, first serve basis for this no contact class. Spectators are welcome.
"
468,7/22/2023,3:30 PM,5:00 PM,Are You Smarter Than Organization XIII?,Gameshows! (Panel 3),Gameshow/Game,Jocie Farrell,Keyblades and munny and hearts - oh my! Celebrate over 20 YEARS of Kingdom Hearts at this quiz show extravaganza for a chance to compete against a lot of Nobodies and prove that you have the knowledge of a true Keyblade Master.
469,7/22/2023,10:00 PM,11:00 PM,Classical Literature in Anime/Manga,Tekko Gakkou,Gakkou Panel,Victorian Rose Art Studio,Ever wonder why the story of your favorite anime/manga sounds just like that book (or spark notes) you had to read for English class?  Anime/manga has created a new medium to bring an interest in classical literature to a new generation. Come learn about anime/manga that take their inspiration/cues from classical literature. 
470,7/22/2023,10:30 AM,11:30 AM,Tekko Pin Trading!,Meet Ups,N/A,Siz,Got enamel pins? Come and trade them! All pins are welcome! 
471,7/22/2023,4:30 PM,6:00 PM,Running in the 99's and 2000s,Formal Ballroom,Workshop,109 Degrees Gyaru-sa,"You know the music from shows like Initial D. You know the dance moves from Gyaru culture. 109 Degrees is proud to debut our Para Para workshop: “Running in the 99s and the 2000s” at Tekko 2023! You’d best get those dancing shoes ready, because we’re going to be teaching you some of our favorite Para Para routines to the HOTTEST Eurobeat songs! Everybody’s welcome, from beginners to the pros!"
474,7/22/2023,6:00 PM,7:00 PM,Anime Secret Santa - Christmas in July,Meet Ups,N/A,Deanna,"Back again, this is a fun way to give and get gifts. Bring a present (wrapped, or at least in a shopping bag) valued at $20 or less. We will be exchanging white elephant style."
475,7/22/2023,3:00 PM,4:00 PM,BJD Swapmeet - All Dolls Welcome,Meet Ups,N/A,Deanna,"Hosted by the Pittsburgh BJD Facebook Group, if you like anything doll related, come check us out!"
476,7/22/2023,8:00 PM,9:00 PM,JFashion Jeopardy ,Panel 8,Fashion,Becca Suehr,Are you interested in JFashion? Are you a veteran member of the JFashion community? Are you just really fond of game shows? Come play JFashion jeopardy with us! Join us for a fun way to learn more about the many different styles of JFashion and an ice breaker for meeting other people in the community! 
477,7/22/2023,5:30 PM,6:30 PM,Revan Kenway Cosplay 200 ,Panel 9 (Cosplay),Cosplay,Revan Kenway,"teaching people about using foam, resin, worbla, and 3d printing to create the best props and costumes. "
478,7/22/2023,2:30 PM,3:30 PM,EION and Kama: Cosplaying in Japan,Panel 9 (Cosplay),Gakkou Panel,EION and Kama,"Japan, the birthplace of cosplay. But have you considered what it would be like cosplaying there or wondered what it's like?"
479,7/22/2023,9:00 PM,11:00 PM,My Hero Sleepover ,Formal Ballroom,Gameshow/Game,Enrana of Asgard ,Come Join UA for a sleepover! Heroes and villains welcome. We will be playing games and have prizes. 
480,7/22/2023,6:30 PM,7:30 PM,Building a National Identity for Japan: Propaganda and Historical Fiction in Anime,Panel 5,Gakkou Panel,Consider the Nonsense,Art is often used to build a shared understanding of a culture. We’ll examine how WWII propaganda has transformed into industry collaboration and how historical fiction can reflect national identity.
482,7/22/2023,10:30 AM,10:30 AM,Anime and RPGs,Panel 4,Panel,Consider the Nonsense,"Join us as we explore the history of tabletop storytelling tropes in anime from classics like Record of Lodoss War to modern favorites like Konosuba, and then try to reimagine some shows as ttrpgs."
484,7/22/2023,5:00 PM,6:00 PM,Shiba Inus,Panel 5,Panel,Stephanie Zewe,An informational panel about Japan's ancient and cherished dog breed.
485,7/22/2023,6:00 PM,7:00 PM,Exploring Cyberpunk Anime,Tekko Gakkou,Gakkou Panel,ProfessorViral,"From Ghost in the Shell to Edgerunners, anime has some amazing Cyberpunk entries with amazing style and complex themes. Let's dig into it together!"
486,7/22/2023,11:00 PM,1:00 AM,Bad Fanfiction Sex Scenes Read-Along,Panel 7 (18+),Panel,Lillian Osthoff,"Terrible erotica, impossible body positions, ridiculous adjectives -- all of these or more are staples of far too many fanfiction sex scenes. For your amusement and trauma, join in on our group reading of a few or just kick back as a spectator. Either way, laughs and groans are guaranteed!"
487,7/22/2023,9:00 PM,11:30 AM,Anime Merchant Battle,Panel 4,Gameshow/Game,ZephyraKat,Do you have what it takes to be a prosperous merchant in Trenni? Come pitch your anime inventions and ideas to merchant Kraft Lawrence and his companion Holo for funding! Will you win big? Or face the wolves?
488,7/22/2023,3:00 PM,4:00 PM,It's a Gundam,Panel 4,Panel,Zach,Join me as I go down the rabbit hole and explore how the definition of a Gundam
489,7/22/2023,10:00 PM,11:00 PM,I am Jez Roth: 25 Years of Cosplay - from Fan to Authority,Panel 2,Cosplay,Jez Roth,"Jez Roth is one of the most successful Cosplayers who has won many Best in Shows, designed for Celebrities, worked on One Piece, television and owns the first School of Cosplay. How did he arrive here? Join him as he takes you on the journey from being a timid fan with big dreams to a Cottagecore Ballroom loving Vegas designer who parties with Studio Ghibli and Drag Race Queens. Tips, tricks, and tea await!"
490,7/22/2023,5:30 PM,7:00 PM,Anime OVAs and You...and Me,Panel 7 (18+),Panel,OVA Wednesday Squad,"This panel will discuss the rise and fall of the anime OVA, it's part in the medium overall, and how it is today. We will additionally discuss some unique and worthwhile OVAs, and some....less so. "
491,7/22/2023,3:30 PM,5:00 PM,CON/fused,LARP 1,LARP,Tekko Staff,"In this game, informal play at a convention allows somebody to steal the spotlight. Or at least try to steal the spotlight. Very little prep required. Play with friends or strangers in sets of 3-4! :)"
493,7/22/2023,6:00 PM,7:30 PM,Too Many Mediums,LARP 1,LARP,Tekko Staff,"What happens when your seance is overloaded with Mediums? Well, it can get pretty loud, and the ghosts of the beyond usually tend to sound a lot like rowdy game convention attendees. 

Too Many Mediums is a comedic freeform game meant to be played in a noisy convention hall for four players and, of course, plenty of unwitting audience participation."
494,7/22/2023,10:00 AM,12:00 PM,Death of the Japanese Emperor,LARP 2,LARP,Tekko Staff,"
You're in a group of friends. One of you won a $100,000 lottery and decided to get you all a vacation in Japan. You traveled to Tokyo for 2 weeks of unforgettable time and a New Year party. However, before New Year, 2 days before Christmas in Japan there's another holiday - Tenno Tanjobi, Emperor's birthday. It's one of the two days in a year when the imperial palace is open to public, and when the Emperor personally greets the gathered crowd. 

You were waving the small flags around when the Emperor Akihito showed up on the balcony with his family, and then two explosions were sounded - a smaller one and the stronger one - and a hole was left where the Emperor had been. There was a great panic and mess. Security grabbed you and several more people, and you've been transported to prison.

Separated, interrogated, with no lawyer, without being allowed a call. And then you've been thrown one by one in a common cell where you're spending your Christmas Eve...

Death of the Japanese Emperor is a 2-hour modern larp for 4-8 players + 1 game master. Players play suspects for the murder of the Emperor, while the game master plays a prison guard."
495,7/22/2023,11:00 AM,11:30 AM,Intro to LARP for kids,LARP 1,LARP,Tekko Staff,A learning lesson for children on LARP and the nature of structured imaginitive play
497,7/22/2023,11:30 AM,12:30 PM,Let’s Be Dinosaurs! (kid friendly),LARP 1,LARP,Tekko Staff,"Prepare to transport your consciousness across millions of years of time and space into the body of a previously undiscovered species of Dinosaur. Welcome to prehistoric times: the wilderness of our ancient Earth was once ruled by a varied group of animals we now call Dinosaurs. There were so many that a new species seems to be re-discovered every day.

We now know dinosaurs were not cold-blooded. They lived in a wide range of climates with diverse adaptations. We also know that many had feathers and were not just brown and scaly. It seems that with each new discovery, our preconceptions of what is a dinosaur are being challenged and revised.

Together, we will roam these ancient landscapes as a previously undiscovered species of dinosaur..."
498,7/22/2023,12:00 PM,1:00 PM,pieces,LARP 2,LARP,Tekko Staff,"You are trapped.
Your pieces are your only resources.
Escape, or fall apart trying.

pieces is based on the body horror genre and deals with themes of sacrifice, control over your own body, and what makes you human. It is a cooperative roleplaying game that experiments with the paper aspect of pen-and-paper tabletop gaming.

The game can be lighthearted or very serious, depending on the players. Because of this, each time you play, decide on the tone you want to pursue as a group before beginning the game."
501,7/22/2023,12:30 PM,2:00 PM,Star Level 10 (kid friendly),LARP 1,LARP,Tekko Staff,"You have died. Which is, after all, sad. There is good news, though: You will get to live again. After you die, your ghost flies into the night sky to collect fragments of stars. 

As you collect stardust from the sky, you meditate upon what was pleasing about your previous life. These pleasant memories then become your gifts of positive destiny in the lives of others. If you can collect enough bits of stars from the sky, then you can ensure their new life is pleasant and nice. They will be working to make your new life as pleasant as possible as well."
507,7/22/2023,1:00 PM,5:00 PM,"My Jam: A game of music, magic, and high school drama",LARP 2,LARP,Tekko Staff,"My Jam is a larp in which players embody high-school musarchs—magicians whose powers are focused through music—at the biggest dance of the year. During the dance you’ll be able to hang with your friends, pick arguments with your frenemies, and moon over your crush, just like any other high school dance. 

But when your music is playing, you become the most powerful being on the dance floor—and maybe the entire gymnasium! At the end of the night, one of you will be elected Dance Monarch and enact a powerful ritual that can permanently change the world."
508,7/22/2023,2:00 PM,3:00 PM,The Hydra Artist’s Masterpiece,LARP 1,LARP,Tekko Staff,"The Hydra Artist is in trouble. After centuries of coordinating their many serpentine Heads to make small works of art, they finally have a chance to submit to the famous Monster Gallery! The deadline is approaching and an interloper has just severed the head of the Hydra Artist’s creative visionary - Elder Acid. Much to everyone’s surprise, 2 confused new Heads grew in Elder Acid’s place. 

As the Heads of the Hydra Artist, release your feelings on the loss of Elder Acid and the welcoming of two new Heads onto your Masterpiece while coordinating the changes to your collective body.

Note: While this game is not messy, it does involve art supplies and drawing/painting, so beware of expensive clothes/cosplay!"
510,7/22/2023,3:00 PM,5:00 PM,Uwe Bolls’ X-mas Special (18+),LARP 1,LARP,Tekko Staff,"Uwe Boll's Christmas Special is an American freeform larp intended to simulate the delicious chaos of a hypothetical Christmas special directed by controversial German director Dr. Uwe Boll (now is the time to Google him, if you haven't already). The larp requires 8-12 players and is intended to last somewhere between 90 minutes and 2 hours – incidentally the length of a typical Uwe Boll movie. 

Players take the role of miscast actors starring in a genre mash-up gone awry. We intend the game as a tongue-in-cheek homage to Boll's work: off-color video game adaptations and tasteless shooter flicks that shock, enthrall, bore and occasionally move DVD audiences worldwide. 

Note: Boll's work also happens to be all about offensive content: gross zombies, Nazis, ableism, kinky sex jokes, etc. Any group seeking to play this game should discuss its boundaries at the beginning of the game, or at least establish that raunchiness will ensue.

This game is Rated R for extremely crude humor throughout, including strong sexuality, violence, pervasive language, and some drug use."
511,7/22/2023,5:00 PM,5:30 PM,A Crow Funeral,LARP 1,LARP,Tekko Staff,"A fellow crow has died and we will gather to mourn their passing, but more importantly to understand why they died. Not in a metaphysical way, but in a practical way - what killed this creature and how can we ensure it won’t kill us as well? We are crows and this is the crow way.

In A Crow Funeral, the players take the roles of opinionated crows arguing the cause of death of a member of their murder. At the beginning of play, players will split apart for a short while,then come together and join as a group. The game uses a simple hand-stacking mechanic guiding who can speak at any given moment. 

Players should know that the game involves touching hands and people being shouted down forspeaking out of turn."
512,7/22/2023,5:30 PM,6:00 PM,Bell the Cat,LARP 2,LARP,Tekko Staff,"This scenario is a gathering of mice in a panel inside the wall. Outside, in the room, lies a multitude of cheese, sausage, and other foods. Unfortunately, patrolling around the food is a large, hungry cat. If the cat were belled, the mice could hear it coming and escape, but who is to bell the cat?

Famous mice discuss plans and try not to die. Come play your favorite famous mouse! "
513,7/22/2023,5:30 PM,9:00 PM,Betrothals and Betrayals,LARP 1,LARP,Tekko Staff,"Lady Bathurst has invited a number of eligible young ladies and gentlemen to stay at Albion Hall, in the hope of finding a suitable match for her only daughter. However, behind the polite conversation and pleasant surroundings lurks many a dark secret and hidden agenda… 

Inspired by the works of Jane Austen and Susanna Clarke

The game is set in a version of Regency England where magic exists. However, most people are unaware of the existence of magic. Betrothals and Betrayals is intended to be a mostly social game, with a minimum of violence. However, if necessary physical conflict should be resolved using paper, scissors, rock. 

This game requests prior registration. This game has detailed character sheets and minor costuming suggestions. Players that sign up in advance and are assigned a character before the event will have more time to become familiar with their characters, as well as costume themselves appropriately."
514,7/22/2023,5:30 PM,9:00 PM,The Final Voyage of the Mary Celeste,LARP 2,LARP,Tekko Staff,"It is November 1872. The brigantine Mary Celeste has been at sea for 23 days en route from New York to Genoa with a cargo of 1700 casks of commercial alcohol. It is a cargo with which the ship’s complement is unfamiliar. The Mary Celeste lies approximately 500 miles off the island of Santa Maria in the Azores...

A week later, the ship is found, abandoned, its cargo untouched. The crew is never found. Over the years, many bizarre theories have arisen to explain what happened on that fateful night, from aliens, to sea monsters, to time travelers. But what if they were all true?

This game requests prior registration. This game has detailed character sheets and minor costuming requirements. Players that sign up in advance of the convention and are assigned a character before the event will have more time to become familiar with their characters, as well as costume themselves appropriately. "
515,7/22/2023,9:00 PM,11:00 PM,Apotheosis,LARP 1,LARP,Tekko Staff,"Little Red Riding Hood began was first told sometime in the 10th century by European peasants, and was passed down in oral tradition until it was written down and popularized by Charles Perrault in the 17th century. In the 19th century, the Brothers Grimm created another well-known version. The versions vary greatly, and in another few centuries will look completely different. Little Red Riding Hood’s phylogeny includes hundreds of variants.

Our stories evolve over time, influenced by the people who told them to each other around campfires and bedsides, wrote them down, then digitized them. Our understanding of our stories changes as our culture does.

But for every story that we remember, dozens more might be forgotten.

How many stories have been lost to time?

In Apotheosis, 2-5 players will explore the relationship between a culture’s history and their dominant cultural story as they create and change a legend over the course of generations."
516,7/22/2023,9:00 PM,11:00 PM,All The President’s Zombies,LARP 2,LARP,Tekko Staff,"Mr. President, we have zombies.

Welcome to the center of power in the free world. This adventure focuses on a meeting between the President of the United States and many of his top advisors. They are discussing the development of what seems to be zombies in the south.

The game calls for eight players and one Game Master, playing those advisors and the President. No other game masters are needed for the scenario."
517,7/22/2023,11:00 PM,1:00 AM,Big Dicks (18+),LARP 1,LARP,Tekko Staff,"You are an important man at an important meeting, who must make an important decision. You have a big penis. It is represented by a balloon. 18+

(This game will be played the rest of the night every half hour. Whoever shows up first gets to play first.) "
518,7/22/2023,11:00 PM,1:00 AM,The Real Ghost Hunters of Sandusky Township,LARP 2,LARP,Tekko Staff,"The Real Ghost Hunters of Sandusky Township follows the cast and crew members of a ghost-hunting television show as they investigate a dark haunted house, armed with only a flashlight and any ghost-hunting paraphernalia you brought in with you. Unlike most of their encounters, this place is actually haunted by at least one spirit."
519,7/22/2023,9:30 AM,1:00 PM,PF2 One-Shot #1: Sundered Waves,RPG 1,RPG,Tekko Staff,"For years, the pirate Captain Renlock sailed the coast of the Arcadian Ocean from the Shackles to the south to the waters of Varisia to the north searching for plunder and adventure—until one day his luck ran out. The ship was captured by a navy and the captain and his crew were apprehended and imprisoned. Years later, after the captain's death in prison, the four released crewmembers receive a message from the deceased captain pointing them to treasure he hid for them."
520,7/22/2023,9:30 AM,1:00 PM,FATE Core: River City Ruffians,RPG 1,RPG,Tekko Staff,"Roll up your sleeves and get ready to throw down in a world straight out of the classic Kunio-Kun brawler. Learn the ins and outs of the FATE RPG system, and get your hands dirty with some old school 8-bit fun on pen and paper."
521,7/22/2023,9:30 AM,1:00 PM,SF Module: Steel Talon's Lair (from SF Beginner Box),RPG 1,RPG,Tekko Staff,"You hail from Absalom Station, a huge space platform that is the hub of culture, commerce, and government in the solar system known as the Pact Worlds. Life is relatively safe in many districts of Absalom Station, but danger is more common in the hundreds of levels of the Spike that extend beneath the station. In particular, the half‑explored Ghost Levels in the depths of the Spike, abandoned for hundreds of years or more, are home to monsters of all sorts, from simple criminals to alien creatures that have arrived on the station over the years by unknown means, creating whole ecosystems in the gloom. Lately, however, a far greater danger has come to threaten the people of Downside, as locals call the Spike."
522,7/22/2023,9:30 AM,1:00 PM,D&D 5e: Spelljammer Academy,RPG 1,RPG,Tekko Staff,"So, you wanna be a space marine, eh? Let's see how you do! You've been enrolled in Spelljammer Academy. Those who are the best get to boldly go where nobody has gone before, but first, you must survive your schooling and first missions."
523,7/22/2023,2:00 PM,6:00 PM,D&D 5e: Loch Ness Lake,RPG 1,RPG,Tekko Staff,"A modern setting of DnD. In a strange town, where nothing is quite right but never wrong, there is a lake where all residents can recall there being a dim light coming from the bottom. One day, a strange bounty appears to get a boomerang from the lake that another town citizen lost down there. Upon investigation, the party discovers a secret portal and life outside their strange little town..."
524,7/22/2023,2:00 PM,6:00 PM,"PF2 Mod: Menace Under Otari, Part 2: Lower Level (from PF2 Beginner Box)",RPG 1,RPG,Tekko Staff,"Word has begun to spread around Otari that there’s a problem down at the Otari Fishery. Some are saying that some sort of beast is lurking in the basement, feeding on the stores of salted fish. Folks are worried that whatever is eating the fish might get hungry enough to eat the fishers next!"
525,7/22/2023,2:00 PM,6:00 PM,D&D 5e: Pirates of Avaeus Part 1,RPG 1,RPG,Tekko Staff,"Southwest of Avaeus, lies The Devil's Maw. Pirates are rampant and so is treasure. But while there's no traditional law here...the Pirates have their own way of running things. Welcome to the Devil's Maw."
526,7/22/2023,2:00 PM,6:00 PM,SFS Intro: Year of Fortune's Fall,RPG 1,RPG,Tekko Staff,"The Starfinder Society travels to Castrovel to attend a museum gala celebrating the grand opening of its latest archaeological exhibit: a showcase of ancient civilizations of the Vast. With artifacts and belongings from the Scoured Stars in tow, the Starfinders prepare an exhibit display, network with esteemed archaeologists and organizations, and enjoy the event. But when a gang of violent thieves interrupts the gala, it’s up to the Starfinders to save lives, preserve priceless artifacts, and bring the thieves to justice!"
527,7/22/2023,7:00 PM,11:00 PM,D&D 5e: Bears and Botany,RPG 1,RPG,Tekko Staff,"In the sleepy town of Stillwater, an extraordinary phenomenon unfolds unbeknownst to its inhabitants. A magnificent tree, nestled at the heart of the community, Little do they realize that the melody is the clandestine source draining their life force. Unraveling the mystery, the player characters embark on a perilous quest, aiming to discover the true nature of the singing and find a way to liberate Stillwater from its insidious grip. Time is of the essence as they race against the fading life force of the townfolk, striving to restore balance without revealing the tree's malevolent secret."
528,7/22/2023,7:00 PM,11:00 PM,Shadow Run: Kawaiicon Blues,RPG 1,RPG,Tekko Staff,"Mr. Johnson is seeking several unscrupulous individuals for a job. The target: a local toy convention and consumer electronics expo. Why do we need shadowrunners for this sort of event? Never you mind the details, chummer. There's more cred in it for you if you don't ask too many questions. (Having some local fun setting things in the Sixth World version of Pittsburgh during what is essentially a Hello Kitty convention, and planning to include the three major aspects of the game: combat, the Matrix, and magic)."
529,7/22/2023,7:00 PM,11:00 PM,PF Adventure: A Fistful of Flowers,RPG 1,RPG,Tekko Staff,"When a stuffy noblewoman decides that leshys make for pretty centerpieces for her fancy tea party, she has no idea what sort of trouble she's stirring up. Not every plant in the forest wants to be put on display, and some of them are more than well-equipped to fight for those who are plucked from their homes!"
530,7/22/2023,7:00 PM,11:00 PM,D&D 5e: Pirates of Avaeus Part 2,RPG 1,RPG,Tekko Staff,"Southwest of Avaeus, lies The Devil's Maw. Pirates are rampant and so is treasure. But while there's no traditional law here...the Pirates have their own way of running things. On the island of Canis, there is an arena where people fight for freedom or glory. Will you win? Or will you die?"
531,7/22/2023,7:00 PM,11:00 PM,SFS Intro: Year of Redemption's Rise,RPG 1,RPG,Tekko Staff,"In the aftermath of the Data Scourge, the Starfinder Society fractures along faction lines! Faced with the past mistakes of the Society, the betrayal and heinous crimes of former Starfinders (including the now notorious Historia-Prime), the grievances of active agents, and the weakening of external alliances, First Seeker Ehu Hadif embarks on a year of change, opening the floor to all agents, and giving them a platform through which to voice concerns, plans, ambitions, and lobby for change. Amid this turmoil, Ehu Hadif tasks a team of Starfinders with assisting three minor factions he believes are integral to the future of the Starfinder Society: the longstanding Manifold Host and the newly formed Advocates and Cognates factions, led by well-respected Starfinders Zigvigix and Royo. Take the first steps toward a brighter future in the Year of Redemption's Rise!"
532,7/22/2023,7:00 PM,11:00 PM,D&D 5e: Sins of The Mother,RPG 1,RPG,Charles Dunbar,"An unnatural drought leads to a series of betrayals and disasters that threaten the very fate of the heavenly court. This adventure is derived from the Japanese classic text ""Kojiki: A Record of Ancient Matters"""
533,7/22/2023,7:00 PM,11:00 PM,D&D 5e: Spelljammer Academy,RPG 1,RPG,Tekko Staff,"So, you wanna be a space marine, eh? Let's see how you do! You've been enrolled in Spelljammer Academy. Those who are the best get to boldly go where nobody has gone before, but first, you must survive your schooling and first missions."
534,7/22/2023,7:00 PM,11:00 PM,Star Wars Edge of Empire: Beginner Box,RPG 1,RPG,Tekko Staff,"In a Galaxy Far, Far Away... Star Wars EotE is basically the players play as the ""scum and villainy"" of the universe. Bounty hunters, smugglers, explorers, settlers. Not the Jedi, not the Troops. More like Boba Fett, Han Solo, Owen and Beru, etc. Sequel adventure if I get multiple sessions of the same players."
535,7/22/2023,4:00 PM,5:00 PM,Time to Slay the ******* Goblins,Panel 7 (18+),Panel,Genkage,"Join us in the complete appreciation of our favorite generically named Hero of Dark Fantasy.  Bring your Dice.  Filled with a lot of humor, some dark, but so is the show."
536,7/22/2023,12:30 PM,1:30 PM,Samurai Dan Ronin Sword Class,Formal Ballroom,Industry Guests,Samurai Dan,
537,7/22/2023,7:30 PM,8:30 PM,Samurai Dan Samurai Squid Games,Formal Ballroom,Industry Guests,Samurai Dan,
538,7/22/2023,2:00 PM,3:00 PM,Intro to Kendo,Formal Ballroom,Industry Guests,Pittsburgh Swordfighters,"If you’ve heard of Miyamoto Musashi, a warrior hailed as the greatest samurai swordsman, then you are familiar with what kendo teaches.

Want to learn directly from PSF instructors? Be sure to complete this form: https://forms.gle/92jAmJd9ujdGY9Pk6

Ten slots are available to those who apply on a first come, first serve basis for this no contact class. Spectators are welcome."
539,7/22/2023,3:00 PM,4:00 PM,Intro to Medieval Longsword,Formal Ballroom,Industry Guests,Pittsburgh Swordfighters,"Pittsburgh Sword Fighter’s Longsword program is based on 14th-century manuscripts as taught by Master Johannes Liechtenauer.

Want to learn directly from PSF instructors? Be sure to complete this form: https://forms.gle/6G5ugHyQkdfSNT859

Ten slots are available to those who apply on a first come, first serve basis for this no contact class. Spectators are welcome."
540,7/22/2023,7:00 PM,11:00 PM,Build-n-Battle Sealed $25 Entry Fee 16 Player Cap,Pokemon,CCG,Tekko Staff,
541,7/22/2023,11:30 AM,3:30 PM,Standard 16 Player Cap,Weiss Scwarz,CCG,Tekko Staff,
542,7/22/2023,3:30 PM,7:30 PM,Trial Deck Tournament $15 Entry Fee 16 Player Cap,Weiss Scwarz,CCG,Tekko Staff,
543,7/22/2023,12:00 PM,4:00 PM,Standard (Over Dress) 16 Player Cap,Cardfight! Vanguard,CCG,Tekko Staff,
544,7/22/2023,5:30 PM,9:30 PM,V-Premium $10 Entry Free 16 Player Cap,Cardfight! Vanguard,CCG,Tekko Staff,
545,7/22/2023,12:30 PM,5:00 PM,Advanced Format 16 Player Cap,Dragon Ball Super CCG,CCG,Tekko Staff,
546,7/22/2023,1:00 PM,5:30 PM,Advanced Format 16 Player Cap,Digimon CCG,CCG,Tekko Staff,
547,7/22/2023,6:00 PM,10:00 PM,Draft $15 Entry Fee 16 Player Cap,Digimon CCG,CCG,Tekko Staff,
548,7/22/2023,1:30 PM,6:00 PM,Standard 16 Player Cap,The One Piece,CCG,Tekko Staff,
549,7/22/2023,2:00 PM,6:30 PM,Structure Deck Tournament $15 Entry Fee 16 Player Cap,Battle Spirits Saga,CCG,Tekko Staff,
550,7/22/2023,8:30 PM,9:30 PM,My Life as a Cosplay Performer,Panel 2,Industry Guests,Rin,"Rin brings back her award-winning performances, some new covers, and her thoughts on performing in general."
551,7/22/2023,10:00 AM,10:30 AM,Sushi Story Hour (Ages 12 & under),Chibi,Panel,Tekko Staff,Start the day with a savory story and refreshing craft. We will gobble up food stories and make a felt sushi craft that leave us hungry for more. Kids age 12 and under and their families welcome. (No food is being served!)
552,7/22/2023,11:00 AM,12:00 PM,Nintendo Time (Ages 12 & under),Chibi,Panel,Tekko Staff,"Puzzles, games, crafts and more. Stop by for some unplugged Nintendo themed fun. Kids age 12 & under and their families welcome."
553,7/22/2023,10:00 AM,11:00 AM,Comfort in Cosplay: A Head to Toe Guide,Panel 9 (Cosplay),Cosplay,Black Bettie Cosplay,"Cosplay is all about fun - but it's also about being comfortable too! We'll give you the tips and tricks on how to make your cosplay experience comfortable from modifying costume designs/patterns and adjusting purchased cosplays for maximum comfort, adapting cosplays for medical and mobility needs, and other ways to make your cosplay experience fun and pleasant."
554,7/22/2023,4:00 PM,5:00 PM,Cosplay Repair Presents: Sewing Basics,Panel 9 (Cosplay),Cosplay,Cosplay Repair Room Presents,"How to read and prepare a pattern, Sewing Machine parts and how to get started on your first cosplay costume."
555,7/22/2023,7:00 PM,8:00 PM,Cosplay Photography 101,Panel 9 (Cosplay),Cosplay,Hun Jae Lee,Picked up a camera to take cosplay photos? Made a costume you want to show off with cool photos? Photographer Hun Jae & cosplayer/photographer Feytaline will go over the basics of cosplay photography!Picked up a camera to take cosplay photos? Made a costume you want to show off with cool photos? Photographer Hun Jae & cosplayer/photographer Feytaline will go over the basics of cosplay photography!
556,7/22/2023,7:00 PM,8:00 PM,AMV Comedy Hour,AMV,AMV,Tekko Staff,Our annual Comedy block returns with some more fun and funny content to LOL at!
557,7/22/2023,8:00 PM,9:00 PM,Fibbage: Enough About Your Cosplay,AMV,Panel,Tekko Staff,"You wear the cos, but how good are you at the play? Compete against other cosplayers in the hit party game Fibbage: Enough About You, and find out who truly knows their character best."
558,7/22/2023,9:00 PM,9:30 PM,Spo Bo's Bizarre Adventure,AMV,AMV,Tekko Staff,"Is SpongeBob a JoJo? Is Handsome Squidward his stand? These SBSQ-themed alternate openings might shed some light, or they might just wreck your mind. (No, this is Patrick!)"
559,7/22/2023,10:00 PM,11:00 PM,Extreme AMV Contest (18+ - LSNV),AMV,AMV,Tekko Staff,"Our annual Extreme Contest returns for another year of videos way too hot to show in the main contest. Come out, watch, and vote on who you think should be the winner of the coveted AMV Extreme award!"
560,7/22/2023,11:00 PM,12:00 AM,AMV Extreme & Adult Showcase (18+ - LSNV),AMV,AMV,Tekko Staff,"From the naughty to the ... well, really naughty, we show an hour of the videos that are just too Extreme to show in the daytime."
561,7/22/2023,12:00 AM,1:00 AM,AMV Overnight Requests,AMV,AMV,Tekko Staff,We reopen the doors and end our run with some overnight requests for all-ages AMVs.
562,7/22/2023,8:00 PM,9:30 PM,Laughing Mecha Gunpla Workshop,Panel 6 (Workshops),Workshop,Aaron Fristik ,
563,7/22/2023,10:00 AM,2:00 PM,Advanced Format 32 Player Cap ,YuGiOh,CCG,Tekko Staff,
564,7/22/2023,2:00 PM,6:00 PM,Duelist Nexus Sneak Preview $22.50 Entry Free No Player Cap,YuGiOh,CCG,Tekko Staff,
565,7/22/2023,6:00 PM,10:30 PM,Advanced Format 32 Player Cap ,YuGiOh,CCG,Tekko Staff,
566,7/22/2023,10:00 AM,11:00 PM,8-man drafts available ALL Day,Magic,CCG,Tekko Staff,
567,7/22/2023,10:30 AM,2:30 PM,Pioneer 32 Player Cap,Magic,CCG,Tekko Staff,
568,7/22/2023,2:30 PM,6:00 PM,Commander $10 Entry FEE No Player Cap,Magic,CCG,Tekko Staff,
569,7/22/2023,6:00 PM,11:00 PM,Lord of the Rings Sealed Pre-Release Kit $35 Entry Fee 32 Player Cap,Magic,CCG,Tekko Staff,
570,7/22/2023,11:00 AM,3:00 PM,Standard 32 Player Cap,Pokemon,CCG,Tekko Staff,
571,7/22/2023,11:30 PM,1:00 AM,Not Your Grandfather's Pinewood Derby,Formal Ballroom,18+,Teague,
572,7/22/2023,1:30 PM,2:30 PM,Tekko Ribbon Game,Meet Ups,Meetups,Tekko Staff,
573,7/22/2023,8:00 PM,9:00 PM,Tekko Ribbon Game,Meet Ups,Meetups,Tekko Staff,
574,7/22/2023,3:00 PM,7:00 PM,Build-n-Battle Sealed $25 Entry Fee 16 Player Cap,Pokemon,CCG,Tekko Staff,
575,7/22/2023,3:00 PM,4:00 PM,Chibi Facepainting (Ages 12 & under),Chibi,Panel,Brandi Cooper,"Stop by the Chibi room for face painting (or it can be placed on an arm). There will be a lot of popular options to choose from including Pokémon, Hello Kitty, Studio Ghibli, superheroes, and other Chibi favorites!"
576,7/22/2023,10:00 AM,5:00 PM,Model Kit Room Open,Model Competition,N/A,Tekko Staff,Scale model room is open for people to come in to view kits on display and to build kits of their own.
577,7/22/2023,5:00 PM,6:00 PM,Model Kit Judgement,Model Competition,N/A,Tekko Staff,Scale model kit judgement for the contest.
578,7/22/2023,1:30 PM,3:00 PM,So You Wanna Be Gyaru? Get Ready With 109 Degrees!,Panel 8,Fashion,109 Degrees Gyaru-sa,"GYARU! CHO KAWAII! Do you even Gyaru peace sign bro? It’s WILD! It’s SEXY! It's CONTROVERSIAL?! It's GYARU! One of the most iconic, influential, game changing styles in Japan. It sparked a revolution of youth, who rebelled against the traditional idea of beauty. 109 Degrees Gyaru Circle is coming to Tekko 2023 with our popular panel: So You Wanna Be Gyaru? 2022 has been a crazy year for Gyaru culture and fashion! We’re going to discuss fashion, makeup, lifestyle, and all of the hot tea you probably haven’t heard about! You’ve never experienced a J Fashion panel like this before! It is truly going to be a Night (or day) of Fire!"
579,7/22/2023,1:00 PM,3:00 PM,Play to Win! (So Clover!),Board Game Booth,Boardgame,Tekko Staff,Learn to play one of our featured tabletop games! Then participate in a casual tournement for a chance to win a copy of the game!
580,7/22/2023,5:00 PM,7:00 PM,Play to Win! (FORT!),Board Game Booth,Boardgame,Tekko Staff,Learn to play one of our featured tabletop games! Then participate in a casual tournement for a chance to win a copy of the game!
581,7/22/2023,8:00 PM,9:00 PM,Play to Win! (Cult of the Deep!),Board Game Booth,Boardgame,Tekko Staff,Learn to play one of our featured tabletop games! Then participate in a casual tournement for a chance to win a copy of the game!
582,7/22/2023,11:00 AM,12:00 PM,Elfen Lied,Video 1,N/A,Tekko Staff,"(18+ Rating, ID required)"
583,7/22/2023,12:00 PM,1:00 PM,Ghost in the Shell 2.0,Video 1,N/A,Tekko Staff,"(18+ Rating, ID required)"
584,7/22/2023,1:00 PM,2:00 PM,BANANA FISH,Video 1,N/A,Tekko Staff,"(18+ Rating, ID required)"
585,7/22/2023,2:00 PM,3:00 PM,Vinland Saga,Video 1,N/A,Tekko Staff,"(18+ Rating, ID required)"
586,7/22/2023,3:00 PM,4:00 PM,Junji Ito Maniac: Japanese Tales of the Macabre,Video 1,N/A,Tekko Staff,"(18+ Rating, ID required)"
587,7/22/2023,4:00 PM,5:00 PM,The Great Passage,Video 1,N/A,Tekko Staff,(Rated 13+)
588,7/22/2023,5:00 PM,6:00 PM,Tekko Bot's Choice,Video 1,N/A,Tekko Staff,"It's a mystery. Come find out what Tekko Bot has been watching lately. The only one who knows is our video master, Scott."
589,7/23/2023,11:00 AM,12:00 PM,Inuyasha,Video 1,N/A,Tekko Staff,(Rated TV-14)
590,7/23/2023,12:00 PM,1:30 PM,Yashahime: Princess Half-Demon,Video 1,N/A,Tekko Staff,(Rated TV-14)
591,7/23/2023,1:30 PM,3:00 PM,Sailor Moon Eternal The Movie Part 1,Video 1,N/A,Tekko Staff,(Rated TV-14)
592,7/23/2023,11:00 AM,12:00 PM,Yu-Gi-Oh! 5D's,Video 2,N/A,Tekko Staff,(Rated TV-Y7)
593,7/23/2023,12:00 PM,1:00 PM,Blue Period,Video 2,N/A,Tekko Staff,(Rated TV-PG)
594,7/23/2023,1:00 PM,2:00 PM,The Disasterous Life of Saiki K,Video 2,N/A,Tekko Staff,(Rated TV-14)
595,7/23/2023,2:00 PM,3:00 PM,Dragon Pilot -Hisone & Masotan-,Video 2,N/A,Tekko Staff,(Rated TV-14)
596,7/23/2023,10:00 AM,2:00 PM,PF Adventure: A Few Flowers More,RPG 1,RPG,Tekko Staff,"A hero's work is never done! Especially when strange new plants start appearing in the woods—plants whose presence draws all manner of trespassers eager to take advantage of the sudden, mysterious bounty. But where are these plants coming from, and what sinister development in the heart of the forest does their arrival signify? Could it be the beginning of an invasion from another dimension... or something worse?"
597,7/23/2023,10:00 AM,2:00 PM,Pathfinder One-Shot #3: Head Shot the Rot,RPG 1,RPG,Tekko Staff,"Taking a much-needed relaxing break in between escapades, four gun-toting adventurers post up in a dingy bar in one of Alkenstar's entertainment districts. Right across the street at a theater, people flood inside to catch the premiere of a highly-advertised play, but what comes out of the theater is far more dangerous. As people scatter to safety in the dusty streets, its up to the group of gunslingers in the bar to set things right."
598,7/23/2023,10:00 AM,11:00 AM,Tekko Today Live,Hall Stage,Main Event,Aaron Fristik ,
599,7/23/2023,12:00 PM,2:00 PM,Iron Cosplay,Hall Stage,Cosplay,Tekko Staff,
600,7/23/2023,10:30 AM,12:30 PM,Dance Gathering Meetup,Stage Uzume,Dance/Music,Tekko Staff,
601,7/23/2023,1:00 PM,2:30 PM,Random Dance Play (B-sides),Stage Uzume,Dance/Music,Tekko Staff,Come stop by our final Random Dance Play for the weekend! The theme for this RDP is solely B-sides of released kpop singles! Get ready to dance to some underrated and underappreciated (but undeniably amazing) kpop bangers!
602,7/23/2023,11:00 AM,12:00 PM,Dark & Disturbing Manga Beyond Ito (18+),Panel 7 (18+),Panel,Prince,Are you looking for manga that will make you stay up for days contemplating your life's existence & sick of people always recommending you the same Junji Ito or Inio Asano story? So am I! Join us while we gush about dark and disturbing manga series we think deserves a spotlight.
603,7/23/2023,12:30 PM,1:30 PM,Kawaii enough to kill,Panel 4,Panel,Nickle,"From the world of anime and video games heroes have been teamed up with and/or killed by many things.. but  have you ever noticed some of the most formidable foes or questionable ""allies"" have been down right adorable ?  or shall we say Kawaii enough to kill? "
604,7/23/2023,10:30 AM,11:30 AM,Animals in Japan and Where to Find Them,Tekko Gakkou,Gakkou Panel,Black Hole Production,"Many animals in Japan have symbolic meaning and are mythically  revered.  From wildlife tours to cafes, let's explore those animals that are  revered and those that are just kawaii, around Japan. "
605,7/23/2023,1:00 PM,2:00 PM,"The wide, wide cast of Resident Evil: Where are they now?",Panel 7 (18+),Panel,Ghostpepper,"The wide, wide world of Biohazard/Resident Evil has an even wider cast of characters that has spanned over 25 years. Where did they all go? Let's find out what some of the main, support, and obscure cast are doing, and if we don't know, let's give them the ending they may or not deserve! You, yes, you will also play some of the series highlights to set the mood."
606,7/23/2023,2:00 PM,3:00 PM,Light Prop Building 101,Panel 4,Cosplay,Jodie,"Ever wanted to make a prop? Ever wanted to make a large prop but carrying twenty lbs. around all day just ain't happening? Have no idea what you're doing with making props and want some pointers? This might be the panel for you! From planning to building, gain confidence in building props that won't have you wishing you didn't skip arm day here."
607,7/23/2023,2:00 PM,3:30 PM,J Fashion DIY - Make Your Own Floral Headpiece ,Panel 6 (Workshops),Workshop,Puvithel ,Come make your own floral headpiece using wire wrapping techniques with local indie designer Puvithel. There is a materials cost of $5 to participate
608,7/23/2023,10:30 AM,12:00 PM,Otaku Bingo,Panel 6 (Workshops),Gameshow/Game,Rakumaroo,"Do you love anime? How about winning prizes? Then, come on down to Otaku Bingo for both! Play against your friends and win some anime themed prizes! We'll have a lot of winners, so be sure to stop by!"
609,7/23/2023,1:00 PM,2:30 PM,The Hench Union,LARP 2,LARP,Tekko Staff,"Twelve days ago, the henchfolk of renowned supervillain Professor Von Doctor voted to unionize. PVD threatened to fire everyone if they tried, so they stole one of his doomsday devices and demanded a contract negotiation.

Today’s the day. Time to bargain."
610,7/23/2023,1:30 PM,3:30 PM,Tekko Karaoke,Formal Ballroom,Karaoke,Tekko Staff,
611,7/23/2023,10:00 AM,11:00 AM,AMV Whiplash,AMV,AMV,Tekko Staff,"One minute sweet, the next salty.  One minute smiles, the next tears.  Come see the back and forth, rocking on an emotional boat ride."
612,7/23/2023,11:00 AM,11:30 AM,"Come for the Apocalypse, Stay for the Memes",AMV,AMV,Tekko Staff,"It's time to LOL, ROFL, #TooMuch, and so many other memes, so much wow."
613,7/23/2023,11:30 AM,1:15 PM,AMV Contest Overflow & AMV Requests (until 1:30 PM),AMV,AMV,Tekko Staff,"Not every video we receive can make the final cut of the contest. In this block, we will show off a selection of those that did not make the cut. Along with that, we may just fit in some requests for AMVs from our audience. Have a particular anime, music, or AMV you want us to play? If we have it, and can play it during normal hours, we will play it!"
614,7/23/2023,1:30 PM,2:00 PM,AMV Awards (starts at 1:30 PM),AMV,AMV,Tekko Staff,"The votes are counted, the awards are ready, and the best of the best are presented at the AMV Contest Awards!"
615,7/23/2023,2:00 PM,3:00 PM,Last Call For Requests,AMV,AMV,Tekko Staff,"We end this year's AMV Theater with a final request block.  Along with that, we may just fit in some requests for AMVs from our audience. Have a particular anime, music, or AMV you want us to play? If we have it, and can play it during normal hours,  it is your last chance to see it!"
616,7/23/2023,10:00 AM,11:00 AM,Sanrio Sunday (Ages 12 & under),Chibi,Workshop,Tekko Staff,"Hello Kitty and all her friends would love for you to stop by and see what fun activities we have. Games, puzzles, stories, crafts and more! Kids age 12 & under and their families welcome. "
617,7/23/2023,11:00 AM,1:00 PM,Weekend Wrap Up (All ages),Chibi,Workshop,Tekko Staff,Wrapping up the weekend with a sampling of all the fun stuff we made and did at Tekko 2023! Time flew by and we can't wait to see you next year. All ages welcome. 
618,7/23/2023,10:00 AM,12:00 PM,Model Kit Room Open: Pick up your kits!,Model Competition,N/A,Tekko Staff,Room is open to view kits that remain on display. REMEMBER TO PICK UP KITS IF YOU DROPPED THEM OFF.
619,7/23/2023,1:00 PM,1:45 PM,Sports Anime Photo Meet-Up,Photospot A,Photoshoot,N/A,"Whether it’s volleyball, basketball, swimming, skateboarding, or even cycling! This is an ALL sports anime meetup!"
620,7/23/2023,2:00 PM,2:30 PM,Genshin Impact Photo Meet-Up,Photospot D,Photoshoot,N/A,Cosplayers and fans can attend just for the Teyvat meet up !
621,7/23/2023,12:00 PM,12:45 PM,Neon Genesis Evangelion Photo Meet-Up,Photospot D,Photoshoot,N/A,The Evangelion fandom is still going strong after all these years so let's get together and take some pics!
622,7/23/2023,1:00 PM,1:45 PM,Batman / Wayne Family Adventure Photo Meet-Up,Photospot D,Photoshoot,N/A,We are vengeance! We Are the night! We are BATMAN! Come And Join the Batfamily Meet-up
623,7/23/2023,2:00 PM,3:00 PM,Horror Genre Photo Meet-Up,Photospot B,Photoshoot,N/A,Sweet dreams are made of screams but so joy; whether you're a creepypasta fan or a movie fan or video game fan come hang out at the Horror Genre Meet Up!
624,7/23/2023,12:00 PM,12:30 PM,Persona Photo Meet-Up,Photospot B,Photoshoot,N/A,Cosplayers from all Persona games welcome!
625,7/23/2023,10:00 AM,11:00 AM,Welcome to Demon School w/ Kayli Mills & Laura Stahl,Panel 1,Voice Actor Guests,Various Guests,
626,7/23/2023,11:30 AM,12:30 PM,"Video Games and Voice Acting w/ David Lodge, and Keith Silverstein",Panel 1,Voice Actor Guests,Various Guests,
627,7/23/2023,1:00 PM,3:00 PM,Closing Ceremonies,Panel 1,Main Event,Tekko Staff,
628,7/23/2023,10:30 AM,11:30 AM,Khoi Dao Draws Your Genshin Team,Panel 2,Voice Actor Guests,Khoi Dao,"Describe your Genshin Impact team and Khoi Dao will draw it extremely poorly. It doesn’t even have to be Genshin, Khoi will draw you anything you ask for, and at the end you get to keep the drawing, you lucky duck."
629,7/23/2023,11:30 AM,12:30 PM,"What the heck is an ""animays""?",Gameshows! (Panel 3),Gameshow/Game,Roche,"How well do you think you know your anime? Can you figure out what series is being described
using only a poorly written summary and some crappy stock photos that we found on the internet?
If the answer is “yes”, you may have bigger problems than this silly gameshow!"
630,7/23/2023,12:30 PM,1:30 PM,Basic Origami,Panel 6 (Workshops),Workshop,Genkage,"This is a panel for those who have never tried Origami (The Japanese art of folding paper) before, but were always curious.  Origami paper will be provided."
631,7/23/2023,11:30 AM,1:30 PM,Come Play Board Games - Live Playtesting,Meet Ups,Gameshow/Game,Shawn Patton,Want to collect the cutest desserts in the world? Care to explore the world of Diatoms? Interested in causing some mischief or finding romance in a museum unlike any other? Still haven’t tried dice spinning? Or maybe you (and your kids ages 5+) would like to become unicorns and summon a magical rainbow?
632,7/23/2023,2:30 PM,3:30 PM,"Cosplay, Sustainability, and YOU! ",Panel 9 (Cosplay),Panel,Carlettecore,"Sustainability has become a concern within the cosplay community. From reducing waste to finding resources second hand, this panel is an overview on how to create more sustainable costumes."
633,7/23/2023,2:00 PM,3:00 PM,Soul Eater Meetup,Meet Ups,N/A,It's Victoria Y'all,"Soul Resonance! This is a cosplay/ fan meetup aimed at connecting the Soul Eater fandom. Let's take photos, connect, and convene. "
634,7/23/2023,12:00 PM,1:00 PM,Animation and Gender: A Queer Look into Anime Culture,Tekko Gakkou,Gakkou Panel,Cosmaldehyde,"Come discover the various gender presentations throughout history, and how it impacts popculture centuries later."
635,7/23/2023,10:00 AM,12:00 PM,Apotheosis,LARP 1,LARP,Tekko Staff,"Little Red Riding Hood began was first told sometime in the 10th century by European peasants, and was passed down in oral tradition until it was written down and popularized by Charles Perrault in the 17th century. In the 19th century, the Brothers Grimm created another well-known version. The versions vary greatly, and in another few centuries will look completely different. Little Red Riding Hood’s phylogeny includes hundreds of variants.

Our stories evolve over time, influenced by the people who told them to each other around campfires and bedsides, wrote them down, then digitized them. Our understanding of our stories changes as our culture does.

But for every story that we remember, dozens more might be forgotten.

How many stories have been lost to time?

In Apotheosis, 2-5 players will explore the relationship between a culture’s history and their dominant cultural story as they create and change a legend over the course of generations."
636,7/23/2023,10:00 AM,10:30 AM,Bell the Cat,LARP 2,LARP,Tekko Staff,"This scenario is a gathering of mice in a panel inside the wall. Outside, in the room, lies a multitude of cheese, sausage, and other foods. Unfortunately, patrolling around the food is a large, hungry cat. If the cat were belled, the mice could hear it coming and escape, but who is to bell the cat?

Famous mice discuss plans and try not to die. Come play your favorite famous mouse! "
637,7/23/2023,10:00 AM,3:00 PM,Open Play,YuGiOh,CCG,Tekko Staff,
638,7/23/2023,10:00 AM,3:00 PM,Open Play ,Pokemon,CCG,Tekko Staff,
639,7/23/2023,10:00 AM,3:00 PM,Open Play ,Magic,CCG,Tekko Staff,
640,7/23/2023,10:00 AM,2:00 PM,Star Wars Edge of Empire: Beginner Box,RPG 1,RPG,Tekko Staff,"In a Galaxy Far, Far Away... Star Wars EotE is basically the players play as the ""scum and villainy"" of the universe. Bounty hunters, smugglers, explorers, settlers. Not the Jedi, not the Troops. More like Boba Fett, Han Solo, Owen and Beru, etc. Sequel adventure if I get multiple sessions of the same players."
641,7/23/2023,11:00 AM,12:00 PM,Intro to Medieval Longsword,Formal Ballroom,Industry Guests,Pittsburgh Swordfighters,"Pittsburgh Sword Fighter’s Longsword program is based on 14th-century manuscripts as taught by Master Johannes Liechtenauer.

Want to learn directly from PSF instructors? Be sure to complete this form: https://forms.gle/FMh9jeZZtZD3tTqi9

Ten slots are available on a first come, first serve basis for this no contact class.. Spectators are welcome."
642,7/23/2023,12:00 PM,1:00 PM,Intro to Kendo,Formal Ballroom,Industry Guests,Pittsburgh Swordfighters,"If you’ve heard of Miyamoto Musashi, a warrior hailed as the greatest samurai swordsman, then you are familiar with what kendo teaches.

Want to learn directly from PSF instructors? Be sure to complete this form: https://forms.gle/oUd76K6HXK2zC8GdA

Ten slots are available to those who apply on a first come, first serve basis for this no contact class. Spectators are welcome.
"
643,7/23/2023,1:00 PM,2:00 PM,The Waifu Game,Gameshows! (Panel 3),Panel,Katy Scarlet,"Ever hear of the Newlywed Game? Well that's basically what this is! Bring your SO, your best friend, or a complete stranger and put your relationship to the test!"
644,7/23/2023,11:00 AM,12:00 PM,MrAJ Misconceptions about Anime Dubs,Panel 4,Panel,Mr. AJ,The Sub vs Dub argument has been an ongoing debate in the anime community for decades but there's a lot of misinformation that seems to pop up for the sake of it. MrAJCosplay got his journalism start by breaking down a lot of misconceptions about the anime dubbing industry and has even had the chance to work with industry professionals. Today they'd like to walk you through the history of the industry and also MythBust some common misconceptions from Cowboy Bebop to Ghost Stories!
645,7/23/2023,12:00 PM,2:00 PM,A Very Merry Board Meeting,LARP 1,LARP,Tekko Staff,"You are Santa’s Elves! Each player will be taking on the character of a North Pole elf, working in one of the departments essential to making The Big Day function on behalf of The Big Guy (Good old Saint Nick, Krisingle, Santa Claus himself). The game is meant to engage solely with the secular side of the Christmas holiday, and the elves themselves do not observe Christmas.

The North Pole is about to enter the busiest time of the year- it is the day after Thanksgiving, and the day of the annual Board Meeting, where all of the departments meet to go over final plans and resource allotment before the last big push. Before this meeting, the departmental work has been guided by the Heads of each department, hoping to make their goals and show their progress at the big meeting. The Heads, any Assistants, and Interns (it’s a good learning opportunity!) are the only elves who attend and will later direct the other elves in what needs to be done. The big decision to be made is who is going to handle Wrapping, as there is no department who has direct oversight of the increasingly difficult job. Everything must be decided by the time the Big Guy visits the meeting.

Elves are never negative about anything. Everything is the best idea ever. No one has ever done anything wrong. Everyone is just the bestest of friends. All problems can be fixed, and no one should ever be without a smile. Some elves have managed to turn this positivity into a shield or a weapon, while others long to break free of its grasp- but doing so would undoubtedly have terrible social and career consequences. Not all elves like each other, and there are tensions between many of the departments and sometimes even within the department. Some elves are stuck doing jobs they have come to despise, and others are just sick of keeping up appearances.

So have the very merriest of board meetings, my elfin friends! I’m sure it’s all going to go just wonderfully!"
646,7/23/2023,12:00 PM,1:00 PM,Just Lunch,LARP 2,LARP,Tekko Staff,"Three old friends from a small midwestern town. They went to the same schools for most of their lives and, in high school, developed a close friendship. For those four years, they were inseparable. But when they graduated, they realized they all had different interests and life goals. They all went in different directions, geographically and otherwise. 

Now it’s been more than 5 years since they have seen each other or really talked, but through social media posts, it was discovered that everyone would be in Chicago the same weekend, and everyone agreed to carve out an hour of their day for lunch and catching up.

Just Lunch is a freeform larp about being a woman with social anxiety"
647,7/23/2023,10:00 AM,11:00 AM,StarsOfCassiopeia: Upgrade Your Premade!,Panel 9 (Cosplay),Cosplay,StarsOfCassiopeia,Buying cosplay is easier than ever: cosplay guest StarsOfCassiopeia will cover basics of revamping premade costumes to fit you better and look one-of-a-kind!
648,7/23/2023,11:00 AM,12:00 PM,Dirty Tricks: Distressing + Weathering,Panel 9 (Cosplay),Cosplay,Lutavia,"Don't drive a car over your costume! Instead, join Lutavia Cosplay to learn about safely weathering and distressing your armor and sewn garments, from dirt and grime to blood, wear and tear, and more."
649,7/23/2023,1:00 PM,2:00 PM,In It Together: Group Cosplays,Panel 9 (Cosplay),Cosplay,Fin H,"Ever want to cosplay, but don't want to do it alone? Or how about wanting to get a group together, but not knowing where to start? Come join us and talk about how to get a group cosplay going. What you can do to have fun and crunch less."
650,7/23/2023,12:00 PM,1:00 PM,Samurai Dan's Fur Babies,Panel 2,Industry Guests,Samurai Dan,
651,7/23/2023,1:30 PM,2:30 PM,The Madness of Junji Ito Over the past 20+ years,Panel 2,Industry Guests,Charles Dunbar," Junji Ito has built a reputation for terrifying stories, macabre art, and turning the mundane into the scariest things imaginable. Most of the time it delivers. Sometimes it doesn’t. But it is a testament to his creativity and ambition that he keeps pushing the envelope further and further. This panel will explore his creations, from his landmark series to his undiscovered gems. And hopefully shed a wider light on the madness of this genius artist."
652,7/23/2023,10:30 AM,11:00 AM,Bell the Cat,LARP 2,LARP,Tekko Staff,"This scenario is a gathering of mice in a panel inside the wall. Outside, in the room, lies a multitude of cheese, sausage, and other foods. Unfortunately, patrolling around the food is a large, hungry cat. If the cat were belled, the mice could hear it coming and escape, but who is to bell the cat?

Famous mice discuss plans and try not to die. Come play your favorite famous mouse! "
653,7/23/2023,11:00 AM,11:30 AM,A Crow Funeral,LARP 2,LARP,Tekko Staff,"A fellow crow has died and we will gather to mourn their passing, but more importantly to understand why they died. Not in a metaphysical way, but in a practical way - what killed this creature and how can we ensure it won’t kill us as well? We are crows and this is the crow way.

In A Crow Funeral, the players take the roles of opinionated crows arguing the cause of death of a member of their murder. At the beginning of play, players will split apart for a short while,then come together and join as a group. The game uses a simple hand-stacking mechanic guiding who can speak at any given moment. 

Players should know that the game involves touching hands and people being shouted down forspeaking out of turn."
654,7/23/2023,11:30 AM,12:00 PM,A Crow Funeral,LARP 2,LARP,Tekko Staff,"A fellow crow has died and we will gather to mourn their passing, but more importantly to understand why they died. Not in a metaphysical way, but in a practical way - what killed this creature and how can we ensure it won’t kill us as well? We are crows and this is the crow way.

In A Crow Funeral, the players take the roles of opinionated crows arguing the cause of death of a member of their murder. At the beginning of play, players will split apart for a short while,then come together and join as a group. The game uses a simple hand-stacking mechanic guiding who can speak at any given moment. 

Players should know that the game involves touching hands and people being shouted down forspeaking out of turn."
655,7/23/2023,10:00 AM,3:00 PM,Open Play ,Weiss Scwarz,CCG,Tekko Staff,
656,7/23/2023,10:00 AM,3:00 PM,Open Play ,Cardfight! Vanguard,CCG,Tekko Staff,
657,7/23/2023,10:00 AM,3:00 PM,Open Play ,Dragon Ball Super CCG,CCG,Tekko Staff,
658,7/23/2023,10:00 AM,3:00 PM,Open Play,Digimon CCG,CCG,Tekko Staff,
659,7/23/2023,10:00 AM,3:00 PM,Open Play ,The One Piece,CCG,Tekko Staff,
660,7/23/2023,10:00 AM,3:00 PM,Open Play ,Battle Spirits Saga,CCG,Tekko Staff,
661,7/23/2023,10:00 AM,11:00 AM,Tekko Ribbon Game,Meet Ups,Meetups,Tekko Staff,
662,7/23/2023,12:00 PM,12:30 PM,Board Game Raffle Drawing!,Board Game Booth,Boardgame,Tekko Staff,"Come win fabulous board game prizes! Earn raffle tickets by playing board games, and be entered to win our featured board games!"
663,7/22/2023,12:45 PM,1:45 PM,Love Live! Photo Meet-Up,Photospot A,Photoshoot,#N/A, Calling all Love Live fans and cosplayers! Come strike your best idol pose at this Love Live photoshoot. 